Workbook

Sheet Raw Data 1
A1: Sl. No. | B1: Arrival Time | C1: Arrival Time | D1: Vehicle Type | E1: State Registered | F1: Car No. | G1: Pump No. | H1: Service Starting | I1: Fuel Type | J1: Gender of Driver | K1: Amount Filled | L1: Payment Mode | M1: Air filled? | N1: Service Completion | O1: vechile info link | P1: Registration type | Q1: No. of Chalans | R1: Insurance Status | S1: City Name | T1: BRAND | U1: MODEL | V1: vehicle details | X1: Pump No. | Y1: Fuel type | Z1: No. of vehicle
A2: 1 | B2: 0.79335362 | C2: 0.7930064 | D2: Bike | E2: J&K | F2: JK 02 BJ 6083 | G2: 2 | H2: 0.79444444 | I2: Petrol | J2: male | K2: 1.04 | L2: Offline | M2: NO | N2: 0.79480324 | O2: https://vehicleinfo.app/rc-details/JK02BJ6083?rc_no=JK02BJ6083 | P2: Private | Q2: 0 | R2: Expired | S2: JAMMU | T2: HERO | U2: SUPER SPLENDER | V2: =HYPERLINK(O2,"link") -> link | X2: 1 | Y2: Diesel | Z2: 15
A3: 2 | B3: 0.79380069 | C3: 0.79345347 | D3: Car | E3: J&K | F3: JK 02 CG 5449 | G3: 2 | H3: 0.79583333 | I3: Petrol | J3: male | K3: 25.9 | L3: Online | M3: NO | N3: 0.79928241 | O3: https://vehicleinfo.app/rc-details/JK02CG5449?rc_no=JK02CG5449 | P3: Private | Q3: 0 | R3: Valid | S3: JAMMU | T3: MARUTI SUZUKI INDIA LTD | U3: MARUTI ALTO K10 VXI | V3: =HYPERLINK(O3,"link") -> link | X3: 2 | Y3: Petrol | Z3: 45
A4: 3 | B4: 0.79421503 | C4: 0.79386781 | D4: Scooter | E4: J&K | F4: JK 02 CN 9553 | G4: 3 | H4: 0.79375 | I4: Petrol | J4: male | K4: 1.04 | L4: Offline | M4: NO | N4: 0.79584491 | O4: https://vehicleinfo.app/rc-details/JK02CN9553?rc_no=JK02CN9553 | P4: Private | Q4: 0 | R4: Valid | S4: JAMMU | T4: HONDA MOTORCYCLE AND SCOOTER INDIA (P) LTD | U4: ACTIVA 6G DLX | V4: =HYPERLINK(O4,"link") -> link | X4: 3 | Y4: Petrol | Z4: 27
A5: 4 | B5: 0.79523999 | C5: 0.79489277 | D5: auto | E5: J&K | F5: JK 02 BD 4552 | G5: 1 | H5: 0.79513889 | I5: Diesel | J5: male | K5: 5.86 | L5: Offline | M5: NO | N5: 0.79740741 | O5: https://vehicleinfo.app/rc-details/JK02BD4552?rc_no=JK02BD4552 | P5: Taxi | Q5: 1 | R5: Valid | S5: JAMMU | T5: TATA MOTORS LTD | U5: ACE MAGIC EII HT 275 | V5: =HYPERLINK(O5,"link") -> link | X5: 4 | Y5: Petrol | Z5: 15
A6: 5 | B6: 0.7960133 | C6: 0.79566608 | D6: Bike | E6: J&K | F6: JK 20 C 4975 | G6: 2 | H6: 0.79722222 | I6: Petrol | J6: male | K6: 2.59 | L6: Offline | M6: NO | N6: 0.79771991 | O6: https://vehicleinfo.app/rc-details/JK20C4975?rc_no=JK20C4975 | P6: Private | Q6: 0 | R6: Valid | S6: RESAI | T6: TVS | U6: TVS RADEON | V6: =HYPERLINK(O6,"link") -> link | X6: 5 | Y6: Diesel | Z6: 2
A7: 6 | B7: 0.79684441 | C7: 0.79649719 | D7: Car | E7: J&K | F7: JK 20 B 0450 | G7: 3 | H7: 0.79791667 | I7: Petrol | J7: male | K7: 20.73 | L7: Online | M7: NO | N7: 0.80009259 | O7: https://vehicleinfo.app/rc-details/JK20B0450?rc_no=JK20B0450 | P7: Private | Q7: 3 | R7: Expired | S7: RESAI | T7: MARUTI SUZUKI INDIA LTD | U7: MARUTI SWIFT VXI | V7: =HYPERLINK(O7,"link") -> link | Z7: =sum(Z2:Z6) -> 104
A8: 7 | B8: 0.79686999 | C8: 0.79652277 | D8: Bike | E8: J&K | F8: JK 02 C 0391 | G8: 4 | H8: 0.79791667 | I8: Petrol | J8: male | K8: 1.04 | L8: Online | M8: NO | N8: 0.79832176 | O8: https://vehicleinfo.app/rc-details/JK02C0391?rc_no=JK02C0391 | Q8: NO INFO | R8: NO INFO | S8: JAMMU | T8: NO INFO | V8: =HYPERLINK(O8,"link") -> link
A9: 8 | B9: 0.79692546 | C9: 0.79657824 | D9: Car | E9: J&K | F9: JK 02 AU 2174 | G9: 2 | H9: 0.79791667 | I9: Petrol | J9: male | K9: 19.7 | L9: CARD | M9: NO | N9: 0.80018519 | O9: https://vehicleinfo.app/rc-details/JK02AU2174?rc_no=JK02AU2174 | P9: Private | Q9: 0 | R9: Expired | S9: JAMMU | T9: ALTO K10B VXI | U9: ALTO K10B VXI | V9: =HYPERLINK(O9,"link") -> link
A10: 9 | B10: 0.79843575 | C10: 0.79808853 | D10: Bike | E10: J&K | F10: JK 02 CT 3239 | G10: 3 | H10: 0.79930556 | I10: Petrol | J10: male | K10: 3.11 | L10: Offline | M10: NO | N10: 0.79998843 | O10: https://vehicleinfo.app/rc-details/JK02CT3239?rc_no=JK02CT3239 | P10: Private | Q10: 9 | R10: Valid | S10: JAMMU | T10: HERO MOTOCORP LTD | U10: SPLENDOR | V10: =HYPERLINK(O10,"link") -> link
A11: 10 | B11: 0.79866748 | C11: 0.79832025 | D11: Scooter | E11: J&K | F11: JK 20 L 9880 | G11: 2 | H11: 0.79930556 | I11: Petrol | J11: male | K11: 2.07 | L11: Offline | M11: NO | N11: 0.80063657 | O11: https://vehicleinfo.app/rc-details/JK020L9880?rc_no=JK020L9880 | P11: Private | Q11: NO INFO | R11: NO INFO | S11: RESAI | T11: NO INFO | V11: =HYPERLINK(O11,"link") -> link
A12: 11 | B12: 0.79941537 | C12: 0.79906815 | D12: Bike | E12: J&K | F12: JK 20 C 1155 | G12: 3 | H12: 0.79930556 | I12: Petrol | J12: male | K12: 1.04 | L12: Offline | M12: NO | N12: 0.80091435 | O12: https://vehicleinfo.app/rc-details/JK20C1155?rc_no=JK20C1155 | P12: Private | Q12: 0 | R12: Valid | S12: RESAI | T12: ROYAL-ENFIELD (UNIT OF EICHER LTD) | U12: BULLET 350 EFI | V12: =HYPERLINK(O12,"link") -> link
A13: 12 | B13: 0.8030125 | C13: 0.80266528 | D13: Car | E13: J&K | F13: JK 02 AT 2503 | G13: 2 | H13: 0.80277778 | I13: Petrol | J13: male | K13: 5.18 | L13: Offline | M13: NO | N13: 0.80394676 | O13: https://vehicleinfo.app/rc-details/JK02AT2503?rc_no=JK02AT2503 | P13: Private | Q13: 0 | R13: Expired | S13: JAMMU | T13: MARUTI SUZUKI INDIA LTD | U13: ALTO LXI | V13: =HYPERLINK(O13,"link") -> link
A14: 13 | B14: 0.80326582 | C14: 0.8029186 | D14: Bike | E14: J&K | F14: JK 02 DL 4581 | G14: 3 | H14: 0.80555556 | I14: Petrol | J14: male | K14: 1.04 | L14: Offline | M14: NO | N14: 0.80670139 | O14: https://vehicleinfo.app/rc-details/JK02DL4581?rc_no=JK02DL4581 | P14: Private | Q14: 0 | R14: Valid | S14: JAMMU | T14: HERO | U14: SUPER SPLENDOR XTEC DR | V14: =HYPERLINK(O14,"link") -> link
A15: 14 | B15: 0.80683963 | C15: 0.80649241 | D15: Car | E15: J&K | F15: JK 02 DR 5589 | G15: 3 | H15: 0.80694444 | I15: Petrol | J15: male | K15: 5.18 | L15: Offline | M15: NO | N15: 0.8078588 | O15: https://vehicleinfo.app/rc-details/JK02DR5589?rc_no=JK02DR5589 | P15: Private | Q15: 0 | R15: Valid | S15: JAMMU | T15: MARUTI SUZUKI INDIA LTD | U15: BALENO DELTA | V15: =HYPERLINK(O15,"link") -> link
A16: 15 | B16: 0.80710627 | C16: 0.80675905 | D16: Tractor | E16: J&K | F16: JK 02 DP 1085 | G16: 1 | H16: 0.80763889 | I16: Diesel | J16: male | K16: 9.38 | L16: Offline | M16: NO | N16: 0.80953704 | O16: https://vehicleinfo.app/rc-details/JK02DP1085?rc_no=JK02DP1085 | P16: Private | Q16: 0 | R16: Expired | S16: JAMMU | T16: MAHINDRA | U16: SWARAJ 735 FE V1 | V16: =HYPERLINK(O16,"link") -> link
A17: 16 | B17: 0.8075463 | C17: 0.80719907 | D17: PICK UP | E17: J&K | F17: JK 02 BE 0139 | G17: 2 | H17: 0.80763889 | I17: Petrol | J17: male | K17: 1.04 | L17: Offline | M17: NO | N17: 0.8083912 | O17: https://vehicleinfo.app/rc-details/JK02BE0139?rc_no=JK02BE0139 | P17: Private | Q17: 0 | R17: Valid | S17: JAMMU | T17: MAHINDRA & MAHINDRA LIMITED | U17: BOLERO ZLX | V17: =HYPERLINK(O17,"link") -> link
A18: 17 | B18: 0.80861725 | C18: 0.80827002 | D18: Bike | E18: J&K | F18: JK 14E 0406 | G18: 2 | H18: 0.80833333 | I18: Petrol | J18: male | K18: 6.22 | L18: Offline | M18: NO | N18: 0.81 | O18: https://vehicleinfo.app/rc-details/JK14E0406?rc_no=JK14E0406 | P18: Private | Q18: 0 | R18: Valid | S18: UDHAMPUR | T18: MARUTI SUZUKI INDIA LTD | U18: SWIFT LXI | V18: =HYPERLINK(O18,"link") -> link
A19: 18 | B19: 0.80993115 | C19: 0.80958392 | D19: Bike | E19: J&K | F19: JK 02 CU 4173 | G19: 2 | H19: 0.80902778 | I19: Petrol | J19: male | K19: 1.97 | L19: Offline | M19: NO | N19: 0.81 | O19: https://vehicleinfo.app/rc-details/JK02CU4173?rc_no=JK02CU4173 | P19: Private | Q19: 0 | R19: Valid | S19: JAMMU | T19: TVS MOTOR COMPANY LTD / TVS APACHE RTR 2 4V | U19: TVS APACHE RTR 200 4V | V19: =HYPERLINK(O19,"link") -> link
A20: 19 | B20: 0.80995434 | C20: 0.80960712 | D20: Car | E20: J&K | F20: JK 02 BQ 2567 | G20: 2 | H20: 0.80972222 | I20: Petrol | J20: male | K20: 5.18 | L20: Offline | M20: NO | N20: 0.8109375 | O20: https://vehicleinfo.app/rc-details/JK02BQ2567?rc_no=JK02BQ2567 | P20: Private | Q20: 0 | R20: Valid | S20: JAMMU | T20: MARUTI SUZUKI INDIA LTD | U20: ALTO 800 LXI | V20: =HYPERLINK(O20,"link") -> link
A21: 20 | B21: 0.81060603 | C21: 0.81025881 | D21: Bike | E21: J&K | F21: JK 02 AD 9993 | G21: 2 | H21: 0.81041667 | I21: Petrol | J21: male | K21: 2.07 | L21: Online | M21: NO | N21: 0.81207176 | O21: https://vehicleinfo.app/rc-details/JK02AD9993?rc_no=JK02AD9993 | P21: Private | Q21: 0 | R21: Valid | S21: JAMMU | T21: BAJAJ AUTO LTD | U21: PLATINA | V21: =HYPERLINK(O21,"link") -> link
A22: 21 | B22: 0.81086039 | C22: 0.81051317 | D22: Car | E22: J&K | F22: JK 02 CF 3468 | G22: 2 | H22: 0.81111111 | I22: Petrol | J22: male | K22: 5.18 | L22: Offline | M22: NO | N22: 0.81217593 | O22: https://vehicleinfo.app/rc-details/JK02CF3468?rc_no=JK02CF3468 | P22: Private | Q22: 1 | R22: Expired | S22: JAMMU | T22: HYUNDAIMOTOR | U22: EON ERA+ | V22: =HYPERLINK(O22,"link") -> link
A23: 22 | B23: 0.81152988 | C23: 0.81118266 | D23: Car | E23: J&K | F23: JK 02 DS 7236 | G23: 2 | H23: 0.81180556 | I23: Petrol | J23: male | K23: 20.73 | L23: Offline | M23: NO | O23: https://vehicleinfo.app/rc-details/JK02DS7236?rc_no=JK02DS7236 | P23: Private | Q23: 0 | R23: Valid | S23: JAMMU | T23: MARUTI SUZUKI INDIA LTD | U23: ALTO K10 LXI | V23: =HYPERLINK(O23,"link") -> link
A24: 23 | B24: 0.81164595 | C24: 0.81129873 | D24: Car | E24: J&K | F24: JK 02 CS 5994 | G24: 2 | H24: 0.8125 | I24: Petrol | J24: male | K24: 32.14 | L24: CARD | M24: NO | N24: 0.81515046 | O24: https://vehicleinfo.app/rc-details/JK02CS5994?rc_no=JK02CS5994 | P24: Private | Q24: 0 | R24: Expired | S24: JAMMU | T24: MARUTI SUZUKI INDIA LTD | U24: SWIFT ZXI | V24: =HYPERLINK(O24,"link") -> link
A25: 24 | B25: 0.81235764 | C25: 0.81201042 | D25: Bike | E25: J&K | F25: JK 02 CF2800 | G25: 3 | H25: 0.81388889 | I25: Petrol | J25: male | K25: 5.18 | L25: Offline | M25: NO | N25: 0.81494213 | O25: https://vehicleinfo.app/rc-details/JK02F2800?rc_no=JK02F2800 | P25: Private | Q25: 13 | R25: Expired | S25: JAMMU | T25: ROYAL-ENFIELD (UNIT OF EICHER LTD) | U25: CLASSIC 350 | V25: link
A26: 25 | B26: 0.81238113 | C26: 0.81203391 | D26: Scooter | E26: J&K | F26: JK 02 CH 7778 | G26: 4 | H26: 0.81388889 | I26: Petrol | J26: male | K26: 0.8 | L26: Online | M26: NO | O26: https://vehicleinfo.app/rc-details/JK02CH7778?rc_no=JK02CH7778 | P26: Private | Q26: 0 | R26: Expired | S26: JAMMU | T26: MARUTI SUZUKI INDIA LTD | U26: BALENO DELTA | V26: =HYPERLINK(O26,"link") -> link
A27: 26 | B27: 0.81261097 | C27: 0.81226375 | D27: Car | E27: J&K | F27: JK 02 AH 0922 | G27: 3 | H27: 0.8125 | I27: Petrol | J27: male | K27: 2.07 | L27: Online | M27: NO | N27: 0.81394676 | O27: https://vehicleinfo.app/rc-details/JK02AH0922?rc_no=JK02AH0922 | P27: Private | Q27: 0 | R27: Expired | S27: JAMMU | T27: HYUNDAIMOTORI | U27: i10 ERA | V27: =HYPERLINK(O27,"link") -> link
A28: 27 | B28: 0.81316975 | C28: 0.81282252 | D28: Car | E28: J&K | F28: JK 02 DG 2001 | G28: 4 | H28: 0.81597222 | I28: Petrol | J28: male | K28: 5.18 | L28: Online | M28: NO | N28: 0.81696759 | O28: https://vehicleinfo.app/rc-details/JK02DG2001?rc_no=JK02DG2001 | P28: Private | Q28: 0 | R28: Valid | S28: JAMMU | T28: MARUTI SUZUKI INDIA LTD | U28: G VITARA | V28: =HYPERLINK(O28,"link") -> link
A29: 28 | B29: 0.81325889 | C29: 0.81291167 | D29: Car | E29: J&K | F29: JK 02 BK 4144 | G29: 2 | H29: 0.81458333 | I29: Petrol | J29: male | K29: 10.38 | L29: Offline | M29: NO | N29: 0.81592593 | O29: https://vehicleinfo.app/rc-details/JK02BK4144?rc_no=JK02BK4144 | P29: Private | Q29: 0 | R29: Valid | S29: JAMMU | T29: MARUTI SUZUKI INDIA LTD | U29: SWIFT DZIRE | V29: =HYPERLINK(O29,"link") -> link
A30: 29 | B30: 0.81386066 | C30: 0.81351344 | D30: Car | E30: J&K | F30: JK 21 F 0277 | G30: 1 | H30: 0.81597222 | I30: Diesel | J30: male | K30: 11.72 | L30: Online | M30: NO | N30: 0.81724537 | O30: https://vehicleinfo.app/rc-details/JK21F0277?rc_no=JK21F0277 | P30: Private | Q30: 0 | R30: Valid | S30: SAMBA | T30: MAHINDRA & MAHINDRA LIMITED | U30: MAHINDRA BOLERO POWER+ ZLX MH | V30: =HYPERLINK(O30,"link") -> link
A31: 30 | B31: 0.81387811 | C31: 0.81353089 | D31: Bike | E31: Other | F31: HR 26 DA 9335 | G31: 2 | H31: 0.81458333 | I31: Petrol | J31: male | K31: 1.49 | L31: Offline | M31: NO | N31: 0.81561343 | O31: https://vehicleinfo.app/rc-details/HR26DA9335?rc_no=HR26DA9335 | P31: Private | Q31: 1 | R31: Expired | S31: GURUGAM | T31: ROYAL ENFIELD | U31: ENFIELD 350 CC | V31: =HYPERLINK(O31,"link") -> link
A32: 31 | B32: 0.81429596 | C32: 0.81394874 | D32: Bike | E32: J&K | F32: JK 02 AH 4611 | G32: 3 | H32: 0.81458333 | I32: Petrol | J32: male | K32: 1.76 | L32: Offline | M32: NO | N32: 0.81576389 | O32: https://vehicleinfo.app/rc-details/JK02AH4611?rc_no=JK02AH4611 | P32: Private | Q32: 0 | R32: Expired | S32: JAMMU | T32: HERO HONDA MOTORS LTD | U32: HERO HONDA PASSION PLUS | V32: =HYPERLINK(O32,"link") -> link
A33: 32 | B33: 0.81509609 | C33: 0.81474887 | D33: Car | E33: J&K | F33: JK 02 AW 2131 | G33: 2 | H33: 0.81597222 | I33: Petrol | J33: male | K33: 7.28 | L33: Online | M33: NO | N33: 0.81710648 | O33: https://vehicleinfo.app/rc-details/JK02AW2131?rc_no=JK02AW2131 | P33: Private | Q33: 0 | R33: Valid | S33: JAMMU | T33: HYUNDAI MOTOR INDIA LTD | U33: SANTRO GLS | V33: =HYPERLINK(O33,"link") -> link
A34: 33 | B34: 0.81589198 | C34: 0.81554476 | D34: Car | E34: J&K | F34: JK 02 DU 0772 | G34: 3 | H34: 0.81527778 | I34: Petrol | J34: male | K34: 18.8 | L34: Online | M34: NO | N34: 0.81716435 | O34: https://vehicleinfo.app/rc-details/JK02DU0772?rc_no=JK02DU0772 | P34: Private | Q34: 0 | R34: Valid | S34: JAMMU | T34: TOYOTA KIRLOSKAR MOTOR PVT LTD | U34: ETIOS G PETROL KI | V34: =HYPERLINK(O34,"link") -> link
A35: 34 | B35: 0.81606282 | C35: 0.8157156 | D35: Car | E35: J&K | F35: JK 02 DC 5415 | G35: 2 | H35: 0.81736111 | I35: Petrol | J35: male | K35: 5.18 | L35: Offline | M35: NO | N35: 0.81818287 | O35: https://vehicleinfo.app/rc-details/JK02DC5415?rc_no=JK02DC5415 | P35: Private | Q35: 0 | R35: Valid | S35: JAMMU | T35: TATA MOTORS PASSENGER VEHICLES LTD | U35: TIAGO XT NEW 1.2 RTN BS6 | V35: =HYPERLINK(O35,"link") -> link
A36: 35 | B36: 0.81740903 | C36: 0.81706181 | D36: Car | E36: J&K | F36: JK 02 DN 3352 | G36: 3 | H36: 0.81736111 | I36: Petrol | J36: male | K36: 20.73 | L36: Offline | M36: NO | N36: 0.81903935 | O36: https://vehicleinfo.app/rc-details/JK02DN3352?rc_no=JK02DN3352 | P36: Private | Q36: 0 | R36: Valid | S36: JAMMU | T36: MARUTI SUZUKI INDIA LTD | U36: BREZZA LXI | V36: =HYPERLINK(O36,"link") -> link
A37: 36 | B37: 0.8184305 | C37: 0.81808328 | D37: trucks | E37: J&K | F37: JK 02 DK 0331 | G37: 1 | H37: 0.81875 | I37: Diesel | J37: male | K37: 21.09 | L37: Offline | M37: NO | N37: 0.8208912 | O37: https://vehicleinfo.app/rc-details/JK02DK0331?rc_no=JK02DK0331 | P37: Private | Q37: 0 | R37: Valid | S37: JAMMU | T37: TATA MOTORS LTD | U37: 407 GOLD SFC DCR33CBC 100B6M5 | V37: =HYPERLINK(O37,"link") -> link
A38: 37 | B38: 0.81865182 | C38: 0.81830459 | D38: Scooter | E38: J&K | F38: JK 02 BR 0955 | G38: 2 | H38: 0.81805556 | I38: Petrol | J38: male | K38: 3.11 | L38: Offline | M38: NO | N38: 0.81945602 | O38: https://vehicleinfo.app/rc-details/JK02BR0955?rc_no=JK02BR0955 | P38: Private | Q38: 0 | R38: Expired | S38: JAMMU | T38: Hero MotoCorp Ltd | U38: MESTRO EDGE | V38: =HYPERLINK(O38,"link") -> link
... A42: 41 | B42: 0.82387144 | C42: 0.82352421 | D42: Car | E42: J&K | F42: JK 02 AU 3557 | G42: 2 | H42: 0.82430556 | I42: Petrol | J42: male | K42: 4.15 | L42: Offline | M42: NO | N42: 0.82528935 | O42: https://vehicleinfo.app/rc-details/JK02AU3557?rc_no=JK02AU3557 | P42: Private | Q42: 0 | R42: Expired | S42: JAMMU | T42: MARUTI SUZUKI INDIA LTD | U42: 800 MPI AC | V42: =HYPERLINK(O42,"link") -> link
A43: 42 | B43: 0.82418314 | C43: 0.82383591 | D43: Scooter | E43: J&K | F43: JK 02 8463 | G43: 4 | H43: 0.82708333 | I43: Petrol | J43: male | K43: 2.07 | L43: Offline | M43: NO | N43: 0.82844907 | O43: https://vehicleinfo.app/rc-details/JK028463?rc_no=JK028463 | Q43: NO INFO | R43: NO INFO | S43: JAMMU | T43: #VALUE! | V43: =HYPERLINK(O43,"link") -> link
A44: 43 | B44: 0.82420234 | C44: 0.82385512 | D44: Scooter | E44: J&K | F44: NO NUM PLATE | G44: 4 | H44: 0.82569444 | I44: Petrol | J44: male | K44: 1.83 | L44: Offline | M44: NO | N44: 0.82829861 | O44: https://vehicleinfo.app/rc-details/NONUMPLATE?rc_no=NONUMPLATE | Q44: NO INFO | R44: NO INFO | S44: NO INFO | T44: #VALUE! | V44: =HYPERLINK(O44,"link") -> link
A45: 44 | B45: 0.82421642 | C45: 0.8238692 | D45: Car | E45: J&K | F45: JK 02 CV 6368 | G45: 3 | H45: 0.82430556 | I45: Petrol | J45: male | K45: 5.18 | L45: Offline | M45: NO | N45: 0.82548611 | O45: https://vehicleinfo.app/rc-details/JK02CV6368?rc_no=JK02CV6368 | P45: Private | Q45: 2 | R45: Expired | S45: JAMMU | T45: MARUTI SUZUKI INDIA LTD | U45: BALENO DELTA PETROL | V45: =HYPERLINK(O45,"link") -> link
A46: 45 | B46: 0.82472892 | C46: 0.8243817 | D46: Car | E46: J&K | F46: JK 02 CU 8014 | G46: 2 | H46: 0.825 | I46: Petrol | J46: male | K46: 5.18 | L46: Offline | M46: NO | N46: 0.82611111 | O46: https://vehicleinfo.app/rc-details/JK02CU8014?rc_no=JK02CU8014 | P46: Private | Q46: 0 | R46: Valid | S46: JAMMU | T46: MARUTI SUZUKI INDIA LTD | U46: V. BREZZA VXI | V46: =HYPERLINK(O46,"link") -> link
A47: 46 | B47: 0.82539374 | C47: 0.82504652 | D47: Car | E47: J&K | F47: JK 02 CK 7506 | G47: 4 | H47: 0.82569444 | I47: Petrol | J47: male | K47: 18.8 | L47: Offline | M47: NO | N47: 0.82744213 | O47: https://vehicleinfo.app/rc-details/JK02CK7506?rc_no=JK02CK7506 | P47: Private | Q47: 0 | R47: Valid | S47: JAMMU | T47: MARUTI SUZUKI INDIA LTD | U47: MARUTI EECO 7 SEATER W/O AC | V47: =HYPERLINK(O47,"link") -> link
A48: 47 | B48: 0.82544875 | C48: 0.82510153 | D48: Bike | E48: J&K | F48: JK 02 DK 3213 | G48: 2 | H48: 0.82638889 | I48: Petrol | J48: male | K48: 2.07 | L48: Online | M48: NO | N48: 0.82731481 | O48: https://vehicleinfo.app/rc-details/JK02DK3213?rc_no=JK02DK3213 | P48: Private | Q48: 0 | R48: Valid | S48: JAMMU | T48: ROYAL-ENFIELD | U48: CLASSIC 350 | V48: =HYPERLINK(O48,"link") -> link
A49: 48 | B49: 0.82645968 | C49: 0.82611245 | D49: VAN | E49: J&K | F49: JK 02 A W 4023 | G49: 1 | H49: 0.82638889 | I49: Diesel | J49: male | K49: 15.23 | L49: Offline | M49: NO | N49: 0.82806713 | O49: https://vehicleinfo.app/rc-details/JK02AW4023?rc_no=JK02AW4023 | P49: Taxi | Q49: 3 | R49: Valid | S49: JAMMU | T49: TATA MOTORS LTD | U49: WINGER 32 TC | V49: =HYPERLINK(O49,"link") -> link
A50: 49 | B50: 0.82685336 | C50: 0.82650613 | D50: Car | E50: J&K | F50: JK 02 AR 5403 | G50: 2 | H50: 0.82708333 | I50: Petrol | J50: male | K50: 25.9 | L50: Offline | M50: NO | N50: 0.82851852 | O50: https://vehicleinfo.app/rc-details/JK02AR5403?rc_no=JK02AR5403 | P50: Private | Q50: 0 | R50: Expired | S50: JAMMU | T50: MARUTI SUZUKI INDIA LTD | U50: SWIFT DESIRE ZXI | V50: =HYPERLINK(O50,"link") -> link
A51: 50 | B51: 0.82834536 | C51: 0.82799814 | D51: Car | E51: J&K | F51: JK 02 BD 2200 | G51: 3 | H51: 0.82847222 | I51: Petrol | J51: male | K51: 22.81 | L51: Offline | M51: Yes | N51: 0.83234954 | O51: https://vehicleinfo.app/rc-details/JK02BD2200?rc_no=JK02BD2200 | P51: Private | Q51: 0 | R51: Valid | S51: JAMMU | T51: FORD INDIA PVT LTD | U51: ECOSPORT | V51: =HYPERLINK(O51,"link") -> link
A52: 51 | B52: 0.82846831 | C52: 0.82812109 | D52: Car | E52: J&K | F52: JK 08 F 2560 | G52: 2 | H52: 0.82847222 | I52: Petrol | J52: male | K52: 4.68 | L52: Online | M52: NO | N52: 0.83020833 | O52: https://vehicleinfo.app/rc-details/JK08F2560?rc_no=JK08F2560 | P52: Private | Q52: 4 | R52: Valid | S52: LAKHANPUR | T52: MARUTI SUZUKI INDIA LTD | U52: MARUTI WAGON R VXI | V52: =HYPERLINK(O52,"link") -> link
A53: 52 | B53: 0.83021091 | C53: 0.82986369 | D53: trucks | E53: J&K | F53: JK 02 DD 8247 | G53: 5 | H53: 0.83055556 | I53: Diesel | J53: male | K53: 236.62 | L53: RECIPT | M53: NO | N53: 0.83607639 | O53: https://vehicleinfo.app/rc-details/JK02DD8247?rc_no=JK02DD8247 | P53: Private | Q53: 0 | R53: Valid | S53: JAMMU | T53: TATA MOTORS LTD | U53: SIGNA 2825.TK EBSVI | V53: =HYPERLINK(O53,"link") -> link
A54: 53 | B54: 0.83237549 | C54: 0.83202826 | D54: Bike | E54: Other | F54: KA 53 ED 1213 | G54: 2 | H54: 0.83194444 | I54: Petrol | J54: male | K54: 1.04 | L54: Offline | M54: NO | N54: 0.83351852 | O54: https://vehicleinfo.app/rc-details/KA53ED1213?rc_no=KA53ED1213 | P54: Private | Q54: 0 | R54: Expired | S54: KRISHNARAJAPURAM | T54: HERO | U54: CB UNICORN | V54: =HYPERLINK(O54,"link") -> link
A55: 54 | B55: 0.83302098 | C55: 0.83267376 | D55: Car | E55: J&K | F55: JK 02 CQ 5189 | G55: 3 | H55: 0.83333333 | I55: Petrol | J55: male | K55: 5.18 | L55: Offline | M55: NO | N55: 0.83408565 | O55: https://vehicleinfo.app/rc-details/JK02CQ5189?rc_no=JK02CQ5189 | P55: Private | Q55: 0 | R55: Valid | S55: JAMMU | T55: MAHINDRA & MAHINDRA LIMITED | U55: KUV100 NXT K4+ 6S G | V55: =HYPERLINK(O55,"link") -> link
A56: 55 | B56: 0.83458068 | C56: 0.83423346 | D56: Car | E56: J&K | F56: JK 08 K 3510 | G56: 2 | H56: 0.83472222 | I56: Petrol | J56: male | K56: 5.39 | L56: Offline | M56: NO | N56: 0.8355787 | O56: https://vehicleinfo.app/rc-details/JK08K3510?rc_no=JK08K3510 | P56: Private | Q56: 1 | R56: Valid | S56: LAKHANPUR | T56: MARUTI SUZUKI INDIA LTD | U56: S-CROSS SMART HYBRID ZETA | V56: =HYPERLINK(O56,"link") -> link
... A83: 82 | B83: 0.86056525 | C83: 0.86021803 | D83: Car | E83: J&K | F83: JK 14 E 3691 | G83: 2 | H83: 0.86041667 | I83: Petrol | J83: male | K83: 10.36 | L83: CARD | M83: NO | N83: 0.86185185 | O83: https://vehicleinfo.app/rc-details/JK14E3691?rc_no=JK14E3691 | P83: Private | Q83: 0 | R83: Expired | S83: UDHAMPUR | T83: HYUNDAI MOTOR INDIA LTD | U83: I20 MAGNA VTVT | V83: =HYPERLINK(O83,"link") -> link
A84: 83 | B84: 0.86088613 | C84: 0.86053891 | D84: Scooter | E84: J&K | F84: JK 12V 9024 | G84: 4 | H84: 0.86180556 | I84: NONE | J84: male | L84: Offline | M84: NO | N84: 0.86259259 | O84: https://vehicleinfo.app/rc-details/JK12V9024?rc_no=JK12V9024 | P84: Private | Q84: NO INFO | R84: NO INFO | S84: POONCH | T84: #VALUE! | V84: =HYPERLINK(O84,"link") -> link
A85: 84 | B85: 0.86415928 | C85: 0.86381206 | D85: Bike | E85: J&K | F85: JK 02 DB 9207 | G85: 2 | H85: 0.86388889 | I85: Petrol | J85: male | K85: 5.18 | L85: Online | M85: NO | N85: 0.86540509 | O85: https://vehicleinfo.app/rc-details/JK02DB9207?rc_no=JK02DB9207 | P85: Private | Q85: 1 | R85: Valid | S85: JAMMU | T85: ROYAL-ENFIELD (UNIT OF EICHER LTD) | U85: BULLET 350 | V85: =HYPERLINK(O85,"link") -> link
A86: 85 | B86: 0.86417383 | C86: 0.86382661 | D86: Car | E86: J&K | F86: JK 02 DC 6141 | G86: 2 | H86: 0.86527778 | I86: Petrol | J86: male | K86: 2.07 | L86: Online | M86: NO | N86: 0.86634259 | O86: https://vehicleinfo.app/rc-details/JK02DC6141?rc_no=JK02DC6141 | P86: Private | Q86: 0 | R86: Expired | S86: JAMMU | T86: MARUTI SUZUKI INDIA LTD | U86: ALTO | V86: =HYPERLINK(O86,"link") -> link
A87: 86 | B87: 0.86462105 | C87: 0.86427383 | D87: Bike | E87: J&K | F87: JK 20 3913 | G87: 4 | H87: 0.86458333 | I87: Petrol | J87: male | K87: 5.18 | L87: Offline | M87: NO | N87: 0.86597222 | O87: https://vehicleinfo.app/rc-details/JK203913?rc_no=JK203913 | P87: Private | Q87: 0 | R87: Expired | S87: RESAI | T87: HERO HONDA MOTORS LTD | U87: SUPER SPLENDER | V87: =HYPERLINK(O87,"link") -> link
A88: 87 | B88: 0.86638719 | C88: 0.86603997 | D88: Bike | E88: Other | F88: HR 21 M 9657 | G88: 2 | H88: 0.86666667 | I88: Petrol | J88: male | K88: 5.29 | L88: Online | M88: NO | N88: 0.87109954 | O88: https://vehicleinfo.app/rc-details/HR21M9657?rc_no=HR21M9657 | P88: Private | Q88: 12 | R88: Expired | S88: SAMBA | T88: BAJAJAUTO LTD | U88: CT 100 | V88: =HYPERLINK(O88,"link") -> link
A89: 88 | B89: 0.86886244 | C89: 0.86851522 | D89: Car | E89: Other | F89: RJ 37 UA 8388 | G89: 1 | H89: 0.86944444 | I89: Diesel | J89: male | K89: 52.15 | L89: Online | M89: NO | N89: 0.87305556 | O89: https://vehicleinfo.app/rc-details/RJ37UA8388?rc_no=RJ37UA8388 | P89: Private | Q89: 0 | R89: Valid | S89: DIDWANA | T89: MAHINDRA | U89: SCORPIO CLASSIC S11 MT 7S | V89: =HYPERLINK(O89,"link") -> link
A90: 89 | B90: 0.86969796 | C90: 0.86935074 | D90: PICK UP | E90: J&K | F90: JK 02 CW 4196 | G90: 3 | H90: 0.87013889 | I90: Petrol | J90: male | K90: 5.86 | L90: Offline | M90: NO | N90: 0.87158565 | O90: https://vehicleinfo.app/rc-details/JK02CW4196?rc_no=JK02CW4196 | P90: pick up | Q90: 1 | R90: Expired | S90: JAMMU | T90: MAHINDRA & MAHINDRA LIMITED | U90: BOLERO PIK-UP | V90: =HYPERLINK(O90,"link") -> link
A91: 90 | B91: 0.87097554 | C91: 0.87062832 | D91: Bike | E91: J&K | F91: JK 02 DG 9342 | G91: 2 | H91: 0.87083333 | I91: Petrol | J91: male | K91: 2.07 | L91: Offline | M91: NO | N91: 0.87178241 | O91: https://vehicleinfo.app/rc-details/JK02DG9342?rc_no=JK02DG9342 | P91: Private | Q91: 0 | R91: Valid | S91: JAMMU | T91: HERO MOTOCORP LTD | U91: SPLENDOR+ | V91: =HYPERLINK(O91,"link") -> link
A92: 91 | B92: 0.87516562 | C92: 0.8748184 | D92: Car | E92: J&K | F92: JK 14 J 3520 | G92: 3 | H92: 0.87708333 | I92: Petrol | J92: male | K92: 10.36 | L92: Online | M92: NO | N92: 0.87646991 | O92: https://vehicleinfo.app/rc-details/JK14J3520?rc_no=JK14J3520 | P92: Private | Q92: 0 | R92: Valid | S92: UDHAMPUR | T92: MARUTI SUZUKI INDIA LTD | U92: ALTO | V92: =HYPERLINK(O92,"link") -> link
A93: 92 | B93: 0.87746854 | C93: 0.87712132 | D93: Scooter | E93: J&K | F93: JK 02 CJ 2449 | G93: 2 | H93: 0.87708333 | I93: Petrol | J93: male | K93: 1.04 | L93: Offline | M93: NO | N93: 0.87797454 | O93: https://vehicleinfo.app/rc-details/JK02CJ2449?rc_no=JK02CJ2449 | P93: Private | Q93: 0 | R93: Valid | S93: JAMMU | T93: HONDA MOTORCYCLE AND SCOOTER INDIA (P) LTD | U93: ACTIVA 5G | V93: =HYPERLINK(O93,"link") -> link
A94: 93 | B94: 0.87848285 | C94: 0.87813563 | D94: Car | E94: J&K | F94: JK 02 CR 9322 | G94: 1 | H94: 0.87847222 | I94: Diesel | J94: male | K94: 5.86 | L94: Online | M94: NO | N94: 0.88048611 | O94: https://vehicleinfo.app/rc-details/JK02CR9322?rc_no=JK02CR9322 | P94: Private | Q94: 0 | R94: Valid | S94: JAMMU | T94: HYUNDAI MOTOR INDIA LTD | U94: VERNA | V94: =HYPERLINK(O94,"link") -> link
A95: 94 | B95: 0.87900022 | C95: 0.878653 | D95: Bike | E95: J&K | F95: JK 02 BA 5366 | G95: 3 | H95: 0.87916667 | I95: Petrol | J95: male | K95: 1.04 | L95: Offline | M95: NO | N95: 0.88041667 | O95: https://vehicleinfo.app/rc-details/JK02BA5366?rc_no=JK02BA5366 | P95: Private | Q95: 3 | R95: Expired | S95: JAMMU | T95: HERO | U95: SUPER SPLENDER | V95: =HYPERLINK(O95,"link") -> link
A96: 95 | B96: 0.88282378 | C96: 0.88247656 | D96: Car | E96: J&K | F96: JK 02 DT 5357 | G96: 4 | H96: 0.88263889 | I96: Petrol | J96: male | K96: 10.47 | L96: Online | M96: NO | N96: 0.88438657 | O96: https://vehicleinfo.app/rc-details/JK02DT5357?rc_no=JK02DT5357 | P96: Private | Q96: 0 | R96: Valid | S96: JAMMU | T96: MARUTI SUZUKI INDIA LTD | U96: FRONX SIGMA 6AB | V96: =HYPERLINK(O96,"link") -> link
... A101: 100 | B101: 0.88533751 | C101: 0.88499029 | D101: Car | E101: Other | F101: DL 1 CAA 5690 | G101: 3 | H101: 0.88611111 | I101: Petrol | J101: male | K101: 22.29 | L101: Online | M101: NO | N101: 0.8883912 | O101: https://vehicleinfo.app/rc-details/DL1CAA5690?rc_no=DL1CAA5690 | P101: Private | Q101: 4 | R101: Expired | S101: North Delhi | T101: MARUTI SUZUKI INDIA LTD | U101: ERTIGA | V101: =HYPERLINK(O101,"link") -> link
A102: 101 | B102: 0.88624134 | C102: 0.88589412 | D102: trucks | E102: J&K | F102: JK 02 BY 7434 | G102: 1 | H102: 0.88680556 | I102: Diesel | J102: male | K102: 32.82 | L102: Offline | M102: NO | N102: 0.88994213 | O102: https://vehicleinfo.app/rc-details/JK02BY7434?rc_no=JK02BY7434 | Q102: NO INFO | R102: NO INFO | S102: JAMMU | T102: #VALUE! | V102: =HYPERLINK(O102,"link") -> link
A103: 102 | B103: 0.88681697 | C103: 0.88646975 | D103: Bike | E103: J&K | F103: JK 02 DJ 1441 | G103: 2 | H103: 0.88680556 | I103: Petrol | J103: male | K103: 1.04 | L103: Offline | M103: NO | N103: 0.8878588 | O103: https://vehicleinfo.app/rc-details/JK02DJ1441?rc_no=JK02DJ1441 | P103: Private | Q103: 1 | R103: Valid | S103: JAMMU | T103: Hero Motocorp | U103: SPLENDOR+ | V103: =HYPERLINK(O103,"link") -> link
A104: 103 | B104: 0.88904652 | C104: 0.88869929 | D104: Car | E104: J&K | F104: JK 02 BJ 0366 | G104: 2 | H104: 0.88888889 | I104: Petrol | J104: male | K104: 10.36 | L104: Offline | M104: NO | N104: 0.89069444 | O104: https://vehicleinfo.app/rc-details/JK02BJ0366?rc_no=JK02BJ0366 | P104: Private | Q104: 0 | R104: Expired | S104: JAMMU | T104: HYUNDAI MOTOR INDIA LTD | U104: GRAND I 10 | V104: =HYPERLINK(O104,"link") -> link
A105: 104 | B105: 0.88985383 | C105: 0.88950661 | D105: Car | E105: J&K | F105: JK 02 CQ 8989 | G105: 1 | H105: 0.89027778 | I105: Diesel | J105: male | K105: 11.72 | L105: Online | M105: NO | N105: 0.8912963 | O105: https://vehicleinfo.app/rc-details/JK02CQ8989?rc_no=JK02CQ8989 | P105: Private | Q105: 1 | R105: Expired | S105: JAMMU | T105: TOYOTA | U105: FORTUNER SIGMA | V105: =HYPERLINK(O105,"link") -> link
A106: 105 | B106: 0.89314941 | C106: 0.89280219 | D106: Bike | E106: J&K | F106: JK 02 CH 8695 | G106: 2 | H106: 0.89305556 | I106: Petrol | J106: male | K106: 2.07 | L106: Offline | M106: NO | N106: 0.8944213 | O106: https://vehicleinfo.app/rc-details/JK02CH8695?rc_no=JK02CH8695 | P106: Private | Q106: 0 | R106: Expired | S106: JAMMU | T106: TVS | U106: DESTINI | V106: =HYPERLINK(O106,"link") -> link
A107: 106 | B107: 0.89353495 | C107: 0.89318773 | D107: Bike | E107: J&K | F107: JK 02 DN 0293 | G107: 3 | H107: 0.89444444 | I107: Petrol | J107: male | K107: 1.55 | L107: Offline | M107: NO | N107: 0.89532407 | O107: https://vehicleinfo.app/rc-details/JK02DN0293?rc_no=JK02DN0293 | P107: Private | Q107: 0 | R107: Valid | S107: JAMMU | T107: HERO | U107: SPLENDOR+ | V107: =HYPERLINK(O107,"link") -> link
K109: =SUM(K2:K107) -> 1140.56
Q112: =sum(Q2:Q107) -> 80

Sheet Raw Data 2
A1: Sl. No. | B1: Arrival Time | C1: Arrival Time | D1: Arrival Time | E1: IAT | F1: Duration start time | G1: Vehicle Type | H1: State Registered | I1: Car No. | J1: Pump No. | K1: Service Starting | L1: SST | M1: Fuel Type | N1: Gender of Driver | O1: Amount Filled | P1: Amount Paid | Q1: Payment Mode | R1: Air filled? | S1: Service Completion | T1: SCT | U1: service Time | V1: vechile info link | W1: Registration type | X1: No. of Chalans | Y1: Insurance Status | Z1: City Name | AA1: BRAND | AB1: MODEL | AC1: vehicle details
A2: 1 | B2: 0.79335362 | C2: 0.7930064 | D2: =C2-time(0,0,30) -> 0.79265918 | E2: =D3-D2 -> 0.00044707176 | F2: =D2-TIME(19,1,25) -> 8.7152773e-06 | G2: Bike | H2: J&K | I2: JK 02 BJ 6083 | J2: 2 | K2: 0.79444444 | L2: =K2-TIME(19,1,25) -> 0.0017939815 | M2: Petrol | N2: male | O2: 1.04 | P2: 100.3808 | Q2: Offline | R2: NO | S2: 0.79480324 | T2: =S2-TIME(19,1,25) -> 0.0021527778 | U2: =T2-L2 -> 0.0003587963 | V2: https://vehicleinfo.app/rc-details/JK02BJ6083?rc_no=JK02BJ6083 | W2: Private | X2: 0 | Y2: Expired | Z2: JAMMU | AA2: HERO | AB2: SUPER SPLENDER | AC2: =HYPERLINK(V2,"link") -> link
A3: 2 | B3: 0.79380069 | C3: 0.79345347 | D3: =C3-time(0,0,30) -> 0.79310625 | E3: =D4-D3 -> 0.00041434028 | F3: =D3-TIME(19,1,25) -> 0.00045578704 | G3: Car | H3: J&K | I3: JK 02 CG 5449 | J3: 2 | K3: 0.79583333 | L3: =K3-TIME(19,1,25) -> 0.0031828704 | M3: Petrol | N3: male | O3: 25.9 | P3: 2499.868 | Q3: Online | R3: NO | S3: 0.79928241 | T3: =S3-TIME(19,1,25) -> 0.0066319444 | U3: =T3-L3 -> 0.0034490741 | V3: https://vehicleinfo.app/rc-details/JK02CG5449?rc_no=JK02CG5449 | W3: Private | X3: 0 | Y3: Valid | Z3: JAMMU | AA3: MARUTI SUZUKI INDIA LTD | AB3: MARUTI ALTO K10 VXI | AC3: =HYPERLINK(V3,"link") -> link
A4: 3 | B4: 0.79421503 | C4: 0.79386781 | D4: =C4-time(0,0,30) -> 0.79352059 | E4: =D5-D4 -> 0.0010249537 | F4: =D4-TIME(19,1,25) -> 0.00087012732 | G4: Scooter | H4: J&K | I4: JK 02 CN 9553 | J4: 3 | K4: 0.79375 | L4: =K4-TIME(19,1,25) -> 0.001099537 | M4: Petrol | N4: male | O4: 1.04 | P4: 100.3808 | Q4: Offline | R4: NO | S4: 0.79584491 | T4: =S4-TIME(19,1,25) -> 0.0031944444 | U4: =T4-L4 -> 0.0020949074 | V4: https://vehicleinfo.app/rc-details/JK02CN9553?rc_no=JK02CN9553 | W4: Private | X4: 0 | Y4: Valid | Z4: JAMMU | AA4: HONDA MOTORCYCLE AND SCOOTER INDIA (P) LTD | AB4: ACTIVA 6G DLX | AC4: =HYPERLINK(V4,"link") -> link
A5: 4 | B5: 0.79523999 | C5: 0.79489277 | D5: =C5-time(0,0,30) -> 0.79454554 | E5: =D6-D5 -> 0.00077331019 | F5: =D5-TIME(19,1,25) -> 0.001895081 | G5: auto | H5: J&K | I5: JK 02 BD 4552 | J5: 1 | K5: 0.79513889 | L5: =K5-TIME(19,1,25) -> 0.0024884259 | M5: Diesel | N5: male | O5: 5.86 | P5: =O5*85.325 -> 500.0045 | Q5: Offline | R5: NO | S5: 0.79740741 | T5: =S5-TIME(19,1,25) -> 0.0047569444 | U5: =T5-L5 -> 0.0022685185 | V5: https://vehicleinfo.app/rc-details/JK02BD4552?rc_no=JK02BD4552 | W5: Taxi | X5: 1 | Y5: Valid | Z5: JAMMU | AA5: TATA MOTORS LTD | AB5: ACE MAGIC EII HT 275 | AC5: =HYPERLINK(V5,"link") -> link
A6: 5 | B6: 0.7960133 | C6: 0.79566608 | D6: =C6-time(0,0,30) -> 0.79531885 | E6: =D7-D6 -> 0.00083111111 | F6: =D6-TIME(19,1,25) -> 0.0026683912 | G6: Bike | H6: J&K | I6: JK 20 C 4975 | J6: 2 | K6: 0.79722222 | L6: =K6-TIME(19,1,25) -> 0.0045717593 | M6: Petrol | N6: male | O6: 2.59 | P6: 249.9868 | Q6: Offline | R6: NO | S6: 0.79771991 | T6: =S6-TIME(19,1,25) -> 0.0050694444 | U6: =T6-L6 -> 0.00049768519 | V6: https://vehicleinfo.app/rc-details/JK20C4975?rc_no=JK20C4975 | W6: Private | X6: 0 | Y6: Valid | Z6: RESAI | AA6: TVS | AB6: TVS RADEON | AC6: =HYPERLINK(V6,"link") -> link
A7: 6 | B7: 0.79684441 | C7: 0.79649719 | D7: =C7-time(0,0,30) -> 0.79614997 | E7: =D8-D7 -> 2.5578702e-05 | F7: =D7-TIME(19,1,25) -> 0.0034995023 | G7: Car | H7: J&K | I7: JK 20 B 0450 | J7: 3 | K7: 0.79791667 | L7: =K7-TIME(19,1,25) -> 0.0052662037 | M7: Petrol | N7: male | O7: 20.73 | P7: 2000 | Q7: Online | R7: NO | S7: 0.80009259 | T7: =S7-TIME(19,1,25) -> 0.0074421296 | U7: =T7-L7 -> 0.0021759259 | V7: https://vehicleinfo.app/rc-details/JK20B0450?rc_no=JK20B0450 | W7: Private | X7: 3 | Y7: Expired | Z7: RESAI | AA7: MARUTI SUZUKI INDIA LTD | AB7: MARUTI SWIFT VXI | AC7: =HYPERLINK(V7,"link") -> link
A8: 7 | B8: 0.79686999 | C8: 0.79652277 | D8: =C8-time(0,0,30) -> 0.79617554 | E8: =D9-D8 -> 5.5474542e-05 | F8: =D8-TIME(19,1,25) -> 0.003525081 | G8: Bike | H8: J&K | I8: JK 02 C 0391 | J8: 4 | K8: 0.79791667 | L8: =K8-TIME(19,1,25) -> 0.0052662037 | M8: Petrol | N8: male | O8: 1.04 | P8: 99.996 | Q8: Online | R8: NO | S8: 0.79832176 | T8: =S8-TIME(19,1,25) -> 0.0056712963 | U8: =T8-L8 -> 0.00040509259 | V8: https://vehicleinfo.app/rc-details/JK02C0391?rc_no=JK02C0391 | W8: Private | X8: NO INFO | Y8: NO INFO | Z8: JAMMU | AA8: NO INFO | AC8: =HYPERLINK(V8,"link") -> link
A9: 8 | B9: 0.79692546 | C9: 0.79657824 | D9: =C9-time(0,0,30) -> 0.79623102 | E9: =D10-D9 -> 0.0015102894 | F9: =D9-TIME(19,1,25) -> 0.0035805556 | G9: Car | H9: J&K | I9: JK 02 AU 2174 | J9: 2 | K9: 0.79791667 | L9: =K9-TIME(19,1,25) -> 0.0052662037 | M9: Petrol | N9: male | O9: 19.7 | P9: 1900 | Q9: CARD | R9: NO | S9: 0.80018519 | T9: =S9-TIME(19,1,25) -> 0.0075347222 | U9: =T9-L9 -> 0.0022685185 | V9: https://vehicleinfo.app/rc-details/JK02AU2174?rc_no=JK02AU2174 | W9: Private | X9: 0 | Y9: Expired | Z9: JAMMU | AA9: ALTO K10B VXI | AB9: ALTO K10B VXI | AC9: =HYPERLINK(V9,"link") -> link
A10: 9 | B10: 0.79843575 | C10: 0.79808853 | D10: =C10-time(0,0,30) -> 0.79774131 | E10: =D11-D10 -> 0.00023172453 | F10: =D10-TIME(19,1,25) -> 0.0050908449 | G10: Bike | H10: J&K | I10: JK 02 CT 3239 | J10: 3 | K10: 0.79930556 | L10: =K10-TIME(19,1,25) -> 0.0066550926 | M10: Petrol | N10: male | O10: 3.11 | P10: 300.1772 | Q10: Offline | R10: NO | S10: 0.79998843 | T10: =S10-TIME(19,1,25) -> 0.007337963 | U10: =T10-L10 -> 0.00068287037 | V10: https://vehicleinfo.app/rc-details/JK02CT3239?rc_no=JK02CT3239 | W10: Private | X10: 9 | Y10: Valid | Z10: JAMMU | AA10: HERO MOTOCORP LTD | AB10: SPLENDOR | AC10: =HYPERLINK(V10,"link") -> link
A11: 10 | B11: 0.79866748 | C11: 0.79832025 | D11: =C11-time(0,0,30) -> 0.79797303 | E11: =D12-D11 -> 0.00074789352 | F11: =D11-TIME(19,1,25) -> 0.0053225694 | G11: Scooter | H11: J&K | I11: JK 20 L 9880 | J11: 2 | K11: 0.79930556 | L11: =K11-TIME(19,1,25) -> 0.0066550926 | M11: Petrol | N11: male | O11: 2.07 | P11: 199.7964 | Q11: Offline | R11: NO | S11: 0.80063657 | T11: =S11-TIME(19,1,25) -> 0.0079861111 | U11: =T11-L11 -> 0.0013310185 | V11: https://vehicleinfo.app/rc-details/JK020L9880?rc_no=JK020L9880 | W11: Private | X11: NO INFO | Y11: NO INFO | Z11: RESAI | AA11: NO INFO | AC11: =HYPERLINK(V11,"link") -> link
A12: 11 | B12: 0.79941537 | C12: 0.79906815 | D12: =C12-time(0,0,30) -> 0.79872093 | E12: =D13-D12 -> 0.0035971296 | F12: =D12-TIME(19,1,25) -> 0.006070463 | G12: Bike | H12: J&K | I12: JK 20 C 1155 | J12: 3 | K12: 0.79930556 | L12: =K12-TIME(19,1,25) -> 0.0066550926 | M12: Petrol | N12: male | O12: 1.04 | P12: 100.3808 | Q12: Offline | R12: NO | S12: 0.80091435 | T12: =S12-TIME(19,1,25) -> 0.0082638889 | U12: =T12-L12 -> 0.0016087963 | V12: https://vehicleinfo.app/rc-details/JK20C1155?rc_no=JK20C1155 | W12: Private | X12: 0 | Y12: Valid | Z12: RESAI | AA12: ROYAL-ENFIELD (UNIT OF EICHER LTD) | AB12: BULLET 350 EFI | AC12: =HYPERLINK(V12,"link") -> link
A13: 12 | B13: 0.8030125 | C13: 0.80266528 | D13: =C13-time(0,0,30) -> 0.80231806 | E13: =D14-D13 -> 0.00025332176 | F13: =D13-TIME(19,1,25) -> 0.0096675926 | G13: Car | H13: J&K | I13: JK 02 AT 2503 | J13: 2 | K13: 0.80277778 | L13: =K13-TIME(19,1,25) -> 0.010127315 | M13: Petrol | N13: male | O13: 5.18 | P13: 499.9736 | Q13: Offline | R13: NO | S13: 0.80394676 | T13: =S13-TIME(19,1,25) -> 0.011296296 | U13: =T13-L13 -> 0.0011689815 | V13: https://vehicleinfo.app/rc-details/JK02AT2503?rc_no=JK02AT2503 | W13: Private | X13: 0 | Y13: Expired | Z13: JAMMU | AA13: MARUTI SUZUKI INDIA LTD | AB13: ALTO LXI | AC13: =HYPERLINK(V13,"link") -> link
A14: 13 | B14: 0.80326582 | C14: 0.8029186 | D14: =C14-time(0,0,30) -> 0.80257138 | E14: =D15-D14 -> 0.0035738079 | F14: =D14-TIME(19,1,25) -> 0.0099209143 | G14: Bike | H14: J&K | I14: JK 02 DL 4581 | J14: 3 | K14: 0.80555556 | L14: =K14-TIME(19,1,25) -> 0.012905093 | M14: Petrol | N14: male | O14: 1.04 | P14: 99.996 | Q14: Offline | R14: NO | S14: 0.80670139 | T14: =S14-TIME(19,1,25) -> 0.014050926 | U14: =T14-L14 -> 0.0011458333 | V14: https://vehicleinfo.app/rc-details/JK02DL4581?rc_no=JK02DL4581 | W14: Private | X14: 0 | Y14: Valid | Z14: JAMMU | AA14: HERO | AB14: SUPER SPLENDOR XTEC DR | AC14: =HYPERLINK(V14,"link") -> link
A15: 14 | B15: 0.80683963 | C15: 0.80649241 | D15: =C15-time(0,0,30) -> 0.80614519 | E15: =D16-D15 -> 0.00026664352 | F15: =D15-TIME(19,1,25) -> 0.013494722 | G15: Car | H15: J&K | I15: JK 02 DR 5589 | J15: 3 | K15: 0.80694444 | L15: =K15-TIME(19,1,25) -> 0.014293981 | M15: Petrol | N15: male | O15: 5.18 | P15: 499.9736 | Q15: Offline | R15: NO | S15: 0.8078588 | T15: =S15-TIME(19,1,25) -> 0.015208333 | U15: =T15-L15 -> 0.00091435185 | V15: https://vehicleinfo.app/rc-details/JK02DR5589?rc_no=JK02DR5589 | W15: Private | X15: 0 | Y15: Valid | Z15: JAMMU | AA15: MARUTI SUZUKI INDIA LTD | AB15: BALENO DELTA | AC15: =HYPERLINK(V15,"link") -> link
A16: 15 | B16: 0.80710627 | C16: 0.80675905 | D16: =C16-time(0,0,30) -> 0.80641183 | E16: =D17-D16 -> 0.00044002315 | F16: =D16-TIME(19,1,25) -> 0.013761366 | G16: Tractor | H16: J&K | I16: JK 02 DP 1085 | J16: 1 | K16: 0.80763889 | L16: =K16-TIME(19,1,25) -> 0.014988426 | M16: Diesel | N16: male | O16: 9.38 | P16: =O16*85.325 -> 800.3485 | Q16: Offline | R16: NO | S16: 0.80953704 | T16: =S16-TIME(19,1,25) -> 0.016886574 | U16: =T16-L16 -> 0.0018981481 | V16: https://vehicleinfo.app/rc-details/JK02DP1085?rc_no=JK02DP1085 | W16: Private | X16: 0 | Y16: Expired | Z16: JAMMU | AA16: MAHINDRA | AB16: SWARAJ 735 FE V1 | AC16: =HYPERLINK(V16,"link") -> link
A17: 16 | B17: 0.8075463 | C17: 0.80719907 | D17: =C17-time(0,0,30) -> 0.80685185 | E17: =D18-D17 -> 0.0010709491 | F17: =D17-TIME(19,1,25) -> 0.014201389 | G17: PICK UP | H17: J&K | I17: JK 02 BE 0139 | J17: 2 | K17: 0.80763889 | L17: =K17-TIME(19,1,25) -> 0.014988426 | M17: Petrol | N17: male | O17: 1.04 | P17: 100.3808 | Q17: Offline | R17: NO | S17: 0.8083912 | T17: =S17-TIME(19,1,25) -> 0.015740741 | U17: =T17-L17 -> 0.00075231481 | V17: https://vehicleinfo.app/rc-details/JK02BE0139?rc_no=JK02BE0139 | W17: Private | X17: 0 | Y17: Valid | Z17: JAMMU | AA17: MAHINDRA & MAHINDRA LIMITED | AB17: BOLERO ZLX | AC17: =HYPERLINK(V17,"link") -> link
A18: 17 | B18: 0.80861725 | C18: 0.80827002 | D18: =C18-time(0,0,30) -> 0.8079228 | E18: =D19-D18 -> 0.0013139005 | F18: =D18-TIME(19,1,25) -> 0.015272338 | G18: Bike | H18: J&K | I18: JK 14E 0406 | J18: 2 | K18: 0.80833333 | L18: =K18-TIME(19,1,25) -> 0.01568287 | M18: Petrol | N18: male | O18: 6.22 | P18: 600.3544 | Q18: Offline | R18: NO | S18: 0.81 | T18: =S18-TIME(19,1,25) -> 0.017349537 | U18: =T18-L18 -> 0.0016666667 | V18: https://vehicleinfo.app/rc-details/JK14E0406?rc_no=JK14E0406 | W18: Private | X18: 0 | Y18: Valid | Z18: UDHAMPUR | AA18: MARUTI SUZUKI INDIA LTD | AB18: SWIFT LXI | AC18: =HYPERLINK(V18,"link") -> link
A19: 18 | B19: 0.80993115 | C19: 0.80958392 | D19: =C19-time(0,0,30) -> 0.8092367 | E19: =D20-D19 -> 2.3194443e-05 | F19: =D19-TIME(19,1,25) -> 0.016586238 | G19: Bike | H19: J&K | I19: JK 02 CU 4173 | J19: 2 | K19: 0.80902778 | L19: =K19-TIME(19,1,25) -> 0.016377315 | M19: Petrol | N19: male | O19: 1.97 | P19: 190.1444 | Q19: Offline | R19: NO | S19: 0.81 | T19: =S19-TIME(19,1,25) -> 0.017349537 | U19: =T19-L19 -> 0.00097222222 | V19: https://vehicleinfo.app/rc-details/JK02CU4173?rc_no=JK02CU4173 | W19: Private | X19: 0 | Y19: Valid | Z19: JAMMU | AA19: TVS MOTOR COMPANY LTD / TVS APACHE RTR 2 4V | AB19: TVS APACHE RTR 200 4V | AC19: =HYPERLINK(V19,"link") -> link
A20: 19 | B20: 0.80995434 | C20: 0.80960712 | D20: =C20-time(0,0,30) -> 0.8092599 | E20: =D21-D20 -> 0.00065168981 | F20: =D20-TIME(19,1,25) -> 0.016609433 | G20: Car | H20: J&K | I20: JK 02 BQ 2567 | J20: 2 | K20: 0.80972222 | L20: =K20-TIME(19,1,25) -> 0.017071759 | M20: Petrol | N20: male | O20: 5.18 | P20: 499.9736 | Q20: Offline | R20: NO | S20: 0.8109375 | T20: =S20-TIME(19,1,25) -> 0.018287037 | U20: =T20-L20 -> 0.0012152778 | V20: https://vehicleinfo.app/rc-details/JK02BQ2567?rc_no=JK02BQ2567 | W20: Private | X20: 0 | Y20: Valid | Z20: JAMMU | AA20: MARUTI SUZUKI INDIA LTD | AB20: ALTO 800 LXI | AC20: =HYPERLINK(V20,"link") -> link
A21: 20 | B21: 0.81060603 | C21: 0.81025881 | D21: =C21-time(0,0,30) -> 0.80991159 | E21: =D22-D21 -> 0.00025436343 | F21: =D21-TIME(19,1,25) -> 0.017261123 | G21: Bike | H21: J&K | I21: JK 02 AD 9993 | J21: 2 | K21: 0.81041667 | L21: =K21-TIME(19,1,25) -> 0.017766204 | M21: Petrol | N21: male | O21: 2.07 | P21: 200 | Q21: Online | R21: NO | S21: 0.81207176 | T21: =S21-TIME(19,1,25) -> 0.019421296 | U21: =T21-L21 -> 0.0016550926 | V21: https://vehicleinfo.app/rc-details/JK02AD9993?rc_no=JK02AD9993 | W21: Private | X21: 0 | Y21: Valid | Z21: JAMMU | AA21: BAJAJ AUTO LTD | AB21: PLATINA | AC21: =HYPERLINK(V21,"link") -> link
A22: 21 | B22: 0.81086039 | C22: 0.81051317 | D22: =C22-time(0,0,30) -> 0.81016595 | E22: =D23-D22 -> 0.00066949074 | F22: =D22-TIME(19,1,25) -> 0.017515486 | G22: Car | H22: J&K | I22: JK 02 CF 3468 | J22: 2 | K22: 0.81111111 | L22: =K22-TIME(19,1,25) -> 0.018460648 | M22: Petrol | N22: male | O22: 5.18 | P22: 499.9736 | Q22: Offline | R22: NO | S22: 0.81217593 | T22: =S22-TIME(19,1,25) -> 0.019525463 | U22: =T22-L22 -> 0.0010648148 | V22: https://vehicleinfo.app/rc-details/JK02CF3468?rc_no=JK02CF3468 | W22: Private | X22: 1 | Y22: Expired | Z22: JAMMU | AA22: HYUNDAIMOTOR | AB22: EON ERA+ | AC22: =HYPERLINK(V22,"link") -> link
A23: 22 | B23: 0.81152988 | C23: 0.81118266 | D23: =C23-time(0,0,30) -> 0.81083544 | E23: =D24-D23 -> 0.00011606481 | F23: =D23-TIME(19,1,25) -> 0.018184977 | G23: Car | H23: J&K | I23: JK 02 DS 7236 | J23: 2 | K23: 0.81180556 | L23: =K23-TIME(19,1,25) -> 0.019155093 | M23: Petrol | N23: male | O23: 20.73 | P23: 2000 | Q23: Offline | R23: NO | S23: 0.816875 | T23: =S23-TIME(19,1,25) -> 0.024224537 | U23: =T23-L23 -> 0.0050694444 | V23: https://vehicleinfo.app/rc-details/JK02DS7236?rc_no=JK02DS7236 | W23: Private | X23: 0 | Y23: Valid | Z23: JAMMU | AA23: MARUTI SUZUKI INDIA LTD | AB23: ALTO K10 LXI | AC23: =HYPERLINK(V23,"link") -> link
A24: 23 | B24: 0.81164595 | C24: 0.81129873 | D24: =C24-time(0,0,30) -> 0.8109515 | E24: =D25-D24 -> 0.00071168982 | F24: =D24-TIME(19,1,25) -> 0.018301042 | G24: Car | H24: J&K | I24: JK 02 CS 5994 | J24: 2 | K24: 0.8125 | L24: =K24-TIME(19,1,25) -> 0.019849537 | M24: Petrol | N24: male | O24: 32.14 | P24: 3100 | Q24: CARD | R24: NO | S24: 0.81515046 | T24: =S24-TIME(19,1,25) -> 0.0225 | U24: =T24-L24 -> 0.002650463 | V24: https://vehicleinfo.app/rc-details/JK02CS5994?rc_no=JK02CS5994 | W24: Private | X24: 0 | Y24: Expired | Z24: JAMMU | AA24: MARUTI SUZUKI INDIA LTD | AB24: SWIFT ZXI | AC24: =HYPERLINK(V24,"link") -> link
A25: 24 | B25: 0.81235764 | C25: 0.81201042 | D25: =C25-time(0,0,30) -> 0.81166319 | E25: =D26-D25 -> 2.349537e-05 | F25: =D25-TIME(19,1,25) -> 0.019012731 | G25: Bike | H25: J&K | I25: JK 02 CF2800 | J25: 3 | K25: 0.81388889 | L25: =K25-TIME(19,1,25) -> 0.021238426 | M25: Petrol | N25: male | O25: 5.18 | P25: 499.9736 | Q25: Offline | R25: NO | S25: 0.81494213 | T25: =S25-TIME(19,1,25) -> 0.022291667 | U25: =T25-L25 -> 0.0010532407 | V25: https://vehicleinfo.app/rc-details/JK02F2800?rc_no=JK02F2800 | W25: Private | X25: 13 | Y25: Expired | Z25: JAMMU | AA25: ROYAL-ENFIELD (UNIT OF EICHER LTD) | AB25: CLASSIC 350 | AC25: link
A26: 25 | B26: 0.81238113 | C26: 0.81203391 | D26: =C26-time(0,0,30) -> 0.81168669 | E26: =D27-D26 -> 0.00022983796 | F26: =D26-TIME(19,1,25) -> 0.019036227 | G26: Scooter | H26: J&K | I26: JK 02 CH 7778 | J26: 4 | K26: 0.81388889 | L26: =K26-TIME(19,1,25) -> 0.021238426 | M26: Petrol | N26: male | O26: 0.8 | P26: 80 | Q26: Online | R26: NO | S26: 0.81453704 | T26: =S26-TIME(19,1,25) -> 0.021886574 | U26: =T26-L26 -> 0.00064814815 | V26: https://vehicleinfo.app/rc-details/JK02CH7778?rc_no=JK02CH7778 | W26: Private | X26: 0 | Y26: Expired | Z26: JAMMU | AA26: MARUTI SUZUKI INDIA LTD | AB26: BALENO DELTA | AC26: =HYPERLINK(V26,"link") -> link
A27: 26 | B27: 0.81261097 | C27: 0.81226375 | D27: =C27-time(0,0,30) -> 0.81191653 | E27: =D28-D27 -> 0.00055877315 | F27: =D27-TIME(19,1,25) -> 0.019266065 | G27: Car | H27: J&K | I27: JK 02 AH 0922 | J27: 3 | K27: 0.8125 | L27: =K27-TIME(19,1,25) -> 0.019849537 | M27: Petrol | N27: male | O27: 2.07 | P27: 200 | Q27: Online | R27: NO | S27: 0.81394676 | T27: =S27-TIME(19,1,25) -> 0.021296296 | U27: =T27-L27 -> 0.0014467593 | V27: https://vehicleinfo.app/rc-details/JK02AH0922?rc_no=JK02AH0922 | W27: Private | X27: 0 | Y27: Expired | Z27: JAMMU | AA27: HYUNDAIMOTORI | AB27: i10 ERA | AC27: =HYPERLINK(V27,"link") -> link
A28: 27 | B28: 0.81316975 | C28: 0.81282252 | D28: =C28-time(0,0,30) -> 0.8124753 | E28: =D29-D28 -> 8.9143512e-05 | F28: =D28-TIME(19,1,25) -> 0.019824838 | G28: Car | H28: J&K | I28: JK 02 DG 2001 | J28: 4 | K28: 0.81597222 | L28: =K28-TIME(19,1,25) -> 0.023321759 | M28: Petrol | N28: male | O28: 5.18 | P28: 499.9736 | Q28: Online | R28: NO | S28: 0.81696759 | T28: =S28-TIME(19,1,25) -> 0.02431713 | U28: =T28-L28 -> 0.00099537037 | V28: https://vehicleinfo.app/rc-details/JK02DG2001?rc_no=JK02DG2001 | W28: Private | X28: 0 | Y28: Valid | Z28: JAMMU | AA28: MARUTI SUZUKI INDIA LTD | AB28: G VITARA | AC28: =HYPERLINK(V28,"link") -> link
A29: 28 | B29: 0.81325889 | C29: 0.81291167 | D29: =C29-time(0,0,30) -> 0.81256444 | E29: =D30-D29 -> 0.00060177084 | F29: =D29-TIME(19,1,25) -> 0.019913981 | G29: Car | H29: J&K | I29: JK 02 BK 4144 | J29: 2 | K29: 0.81458333 | L29: =K29-TIME(19,1,25) -> 0.02193287 | M29: Petrol | N29: male | O29: 10.38 | P29: 1001.8776 | Q29: Offline | R29: NO | S29: 0.81592593 | T29: =S29-TIME(19,1,25) -> 0.023275463 | U29: =T29-L29 -> 0.0013425926 | V29: https://vehicleinfo.app/rc-details/JK02BK4144?rc_no=JK02BK4144 | W29: Private | X29: 0 | Y29: Valid | Z29: JAMMU | AA29: MARUTI SUZUKI INDIA LTD | AB29: SWIFT DZIRE | AC29: =HYPERLINK(V29,"link") -> link
A30: 29 | B30: 0.81386066 | C30: 0.81351344 | D30: =C30-time(0,0,30) -> 0.81316622 | E30: =D31-D30 -> 1.7453705e-05 | F30: =D30-TIME(19,1,25) -> 0.020515752 | G30: Car | H30: J&K | I30: JK 21 F 0277 | J30: 1 | K30: 0.81597222 | L30: =K30-TIME(19,1,25) -> 0.023321759 | M30: Diesel | N30: male | O30: 11.72 | P30: =O30*85.325 -> 1000.009 | Q30: Online | R30: NO | S30: 0.81724537 | T30: =S30-TIME(19,1,25) -> 0.024594907 | U30: =T30-L30 -> 0.0012731481 | V30: https://vehicleinfo.app/rc-details/JK21F0277?rc_no=JK21F0277 | W30: Private | X30: 0 | Y30: Valid | Z30: SAMBA | AA30: MAHINDRA & MAHINDRA LIMITED | AB30: MAHINDRA BOLERO POWER+ ZLX MH | AC30: =HYPERLINK(V30,"link") -> link
A31: 30 | B31: 0.81387811 | C31: 0.81353089 | D31: =C31-time(0,0,30) -> 0.81318367 | E31: =D32-D31 -> 0.00041784722 | F31: =D31-TIME(19,1,25) -> 0.020533206 | G31: Bike | H31: Other | I31: HR 26 DA 9335 | J31: 2 | K31: 0.81458333 | L31: =K31-TIME(19,1,25) -> 0.02193287 | M31: Petrol | N31: male | O31: 1.49 | P31: 155 | Q31: Offline | R31: NO | S31: 0.81561343 | T31: =S31-TIME(19,1,25) -> 0.022962963 | U31: =T31-L31 -> 0.0010300926 | V31: https://vehicleinfo.app/rc-details/HR26DA9335?rc_no=HR26DA9335 | W31: Private | X31: 1 | Y31: Expired | Z31: GURUGAM | AA31: ROYAL ENFIELD | AB31: ENFIELD 350 CC | AC31: =HYPERLINK(V31,"link") -> link
A32: 31 | B32: 0.81429596 | C32: 0.81394874 | D32: =C32-time(0,0,30) -> 0.81360152 | E32: =D33-D32 -> 0.00080012732 | F32: =D32-TIME(19,1,25) -> 0.020951053 | G32: Bike | H32: J&K | I32: JK 02 AH 4611 | J32: 3 | K32: 0.81458333 | L32: =K32-TIME(19,1,25) -> 0.02193287 | M32: Petrol | N32: male | O32: 1.76 | P32: 169.8752 | Q32: Offline | R32: NO | S32: 0.81576389 | T32: =S32-TIME(19,1,25) -> 0.023113426 | U32: =T32-L32 -> 0.0011805556 | V32: https://vehicleinfo.app/rc-details/JK02AH4611?rc_no=JK02AH4611 | W32: Private | X32: 0 | Y32: Expired | Z32: JAMMU | AA32: HERO HONDA MOTORS LTD | AB32: HERO HONDA PASSION PLUS | AC32: =HYPERLINK(V32,"link") -> link
A33: 32 | B33: 0.81509609 | C33: 0.81474887 | D33: =C33-time(0,0,30) -> 0.81440164 | E33: =D34-D33 -> 0.0007958912 | F33: =D33-TIME(19,1,25) -> 0.021751181 | G33: Car | H33: J&K | I33: JK 02 AW 2131 | J33: 2 | K33: 0.81597222 | L33: =K33-TIME(19,1,25) -> 0.023321759 | M33: Petrol | N33: male | O33: 7.28 | P33: 700 | Q33: Online | R33: NO | S33: 0.81710648 | T33: =S33-TIME(19,1,25) -> 0.024456019 | U33: =T33-L33 -> 0.0011342593 | V33: https://vehicleinfo.app/rc-details/JK02AW2131?rc_no=JK02AW2131 | W33: Private | X33: 0 | Y33: Valid | Z33: JAMMU | AA33: HYUNDAI MOTOR INDIA LTD | AB33: SANTRO GLS | AC33: =HYPERLINK(V33,"link") -> link
A34: 33 | B34: 0.81589198 | C34: 0.81554476 | D34: =C34-time(0,0,30) -> 0.81519753 | E34: =D35-D34 -> 0.00017084491 | F34: =D34-TIME(19,1,25) -> 0.022547072 | G34: Car | H34: J&K | I34: JK 02 DU 0772 | J34: 3 | K34: 0.81527778 | L34: =K34-TIME(19,1,25) -> 0.022627315 | M34: Petrol | N34: male | O34: 18.8 | P34: 1810 | Q34: Online | R34: NO | S34: 0.81716435 | T34: =S34-TIME(19,1,25) -> 0.024513889 | U34: =T34-L34 -> 0.0018865741 | V34: https://vehicleinfo.app/rc-details/JK02DU0772?rc_no=JK02DU0772 | W34: Private | X34: 0 | Y34: Valid | Z34: JAMMU | AA34: TOYOTA KIRLOSKAR MOTOR PVT LTD | AB34: ETIOS G PETROL KI | AC34: =HYPERLINK(V34,"link") -> link
A35: 34 | B35: 0.81606282 | C35: 0.8157156 | D35: =C35-time(0,0,30) -> 0.81536838 | E35: =D36-D35 -> 0.0013462037 | F35: =D35-TIME(19,1,25) -> 0.022717917 | G35: Car | H35: J&K | I35: JK 02 DC 5415 | J35: 2 | K35: 0.81736111 | L35: =K35-TIME(19,1,25) -> 0.024710648 | M35: Petrol | N35: male | O35: 5.18 | P35: 499.9736 | Q35: Offline | R35: NO | S35: 0.81818287 | T35: =S35-TIME(19,1,25) -> 0.025532407 | U35: =T35-L35 -> 0.00082175926 | V35: https://vehicleinfo.app/rc-details/JK02DC5415?rc_no=JK02DC5415 | W35: Private | X35: 0 | Y35: Valid | Z35: JAMMU | AA35: TATA MOTORS PASSENGER VEHICLES LTD | AB35: TIAGO XT NEW 1.2 RTN BS6 | AC35: =HYPERLINK(V35,"link") -> link
A36: 35 | B36: 0.81740903 | C36: 0.81706181 | D36: =C36-time(0,0,30) -> 0.81671458 | E36: =D37-D36 -> 0.0010214699 | F36: =D36-TIME(19,1,25) -> 0.02406412 | G36: Car | H36: J&K | I36: JK 02 DN 3352 | J36: 3 | K36: 0.81736111 | L36: =K36-TIME(19,1,25) -> 0.024710648 | M36: Petrol | N36: male | O36: 20.73 | P36: 2000 | Q36: Offline | R36: NO | S36: 0.81903935 | T36: =S36-TIME(19,1,25) -> 0.026388889 | U36: =T36-L36 -> 0.0016782407 | V36: https://vehicleinfo.app/rc-details/JK02DN3352?rc_no=JK02DN3352 | W36: Private | X36: 0 | Y36: Valid | Z36: JAMMU | AA36: MARUTI SUZUKI INDIA LTD | AB36: BREZZA LXI | AC36: =HYPERLINK(V36,"link") -> link
A37: 36 | B37: 0.8184305 | C37: 0.81808328 | D37: =C37-time(0,0,30) -> 0.81773605 | E37: =D38-D37 -> 0.00022131944 | F37: =D37-TIME(19,1,25) -> 0.02508559 | G37: trucks | H37: J&K | I37: JK 02 DK 0331 | J37: 1 | K37: 0.81875 | L37: =K37-TIME(19,1,25) -> 0.026099537 | M37: Diesel | N37: male | O37: 21.09 | P37: =O37*85.325 -> 1799.5042 | Q37: Offline | R37: NO | S37: 0.8208912 | T37: =S37-TIME(19,1,25) -> 0.028240741 | U37: =T37-L37 -> 0.0021412037 | V37: https://vehicleinfo.app/rc-details/JK02DK0331?rc_no=JK02DK0331 | W37: Private | X37: 0 | Y37: Valid | Z37: JAMMU | AA37: TATA MOTORS LTD | AB37: 407 GOLD SFC DCR33CBC 100B6M5 | AC37: =HYPERLINK(V37,"link") -> link
A38: 37 | B38: 0.81865182 | C38: 0.81830459 | D38: =C38-time(0,0,30) -> 0.81795737 | E38: =D39-D38 -> 0.00052998843 | F38: =D38-TIME(19,1,25) -> 0.02530691 | G38: Scooter | H38: J&K | I38: JK 02 BR 0955 | J38: 2 | K38: 0.81805556 | L38: =K38-TIME(19,1,25) -> 0.025405093 | M38: Petrol | N38: male | O38: 3.11 | P38: 300.1772 | Q38: Offline | R38: NO | S38: 0.81945602 | T38: =S38-TIME(19,1,25) -> 0.026805556 | U38: =T38-L38 -> 0.001400463 | V38: https://vehicleinfo.app/rc-details/JK02BR0955?rc_no=JK02BR0955 | W38: Private | X38: 0 | Y38: Expired | Z38: JAMMU | AA38: Hero MotoCorp Ltd | AB38: MESTRO EDGE | AC38: =HYPERLINK(V38,"link") -> link
A39: 38 | B39: 0.81918181 | C39: 0.81883458 | D39: =C39-time(0,0,30) -> 0.81848736 | E39: =D40-D39 -> 0.0010779977 | F39: =D39-TIME(19,1,25) -> 0.025836898 | G39: Car | H39: J&K | I39: JK 02 BW 6699 | J39: 3 | K39: 0.81875 | L39: =K39-TIME(19,1,25) -> 0.026099537 | M39: Petrol | N39: male | O39: 20.73 | P39: 2000 | Q39: CARD | R39: NO | S39: 0.82063657 | T39: =S39-TIME(19,1,25) -> 0.027986111 | U39: =T39-L39 -> 0.0018865741 | V39: https://vehicleinfo.app/rc-details/JK02BW6699?rc_no=JK02BW6699 | W39: Private | X39: 0 | Y39: Expired | Z39: JAMMU | AA39: HYUNDAI MOTOR INDIA LTD | AB39: I20 ASTA (O) VTVT | AC39: =HYPERLINK(V39,"link") -> link
A40: 39 | B40: 0.8202598 | C40: 0.81991258 | D40: =C40-time(0,0,30) -> 0.81956536 | E40: =D41-D40 -> 0.003611632 | F40: =D40-TIME(19,1,25) -> 0.026914896 | G40: Car | H40: J&K | I40: JK 02 CA 5999 | J40: 3 | K40: 0.82013889 | L40: =K40-TIME(19,1,25) -> 0.027488426 | M40: Petrol | N40: male | O40: 2.07 | P40: 199.7964 | Q40: Offilne | R40: Yes | S40: 0.82215278 | T40: =S40-TIME(19,1,25) -> 0.029502315 | U40: =T40-L40 -> 0.0020138889 | V40: https://vehicleinfo.app/rc-details/JK02CA5999?rc_no=JK02CA5999 | W40: Private | X40: 3 | Y40: Valid | Z40: JAMMU | AA40: MARUTI SUZUKI INDIA LTD | AB40: MARUTI CIAZ ALPHA | AC40: =HYPERLINK(V40,"link") -> link
A41: 40 | B41: 0.82387144 | C41: 0.82352421 | D41: =C41-time(0,0,30) -> 0.82317699 | E41: =D42-D41 -> 0.00031170138 | F41: =D41-TIME(19,1,25) -> 0.030526528 | G41: Car | H41: J&K | I41: JK 02 AU 3557 | J41: 2 | K41: 0.82430556 | L41: =K41-TIME(19,1,25) -> 0.031655093 | M41: Petrol | N41: male | O41: 4.15 | P41: 400 | Q41: Offline | R41: NO | S41: 0.82528935 | T41: =S41-TIME(19,1,25) -> 0.032638889 | U41: =T41-L41 -> 0.0009837963 | V41: https://vehicleinfo.app/rc-details/JK02AU3557?rc_no=JK02AU3557 | W41: Private | X41: 0 | Y41: Expired | Z41: JAMMU | AA41: MARUTI SUZUKI INDIA LTD | AB41: 800 MPI AC | AC41: =HYPERLINK(V41,"link") -> link
A42: 41 | B42: 0.82418314 | C42: 0.82383591 | D42: =C42-time(0,0,30) -> 0.82348869 | E42: =D43-D42 -> 1.920139e-05 | F42: =D42-TIME(19,1,25) -> 0.030838229 | G42: Scooter | H42: J&K | I42: JK 02 8463 | J42: 4 | K42: 0.82708333 | L42: =K42-TIME(19,1,25) -> 0.03443287 | M42: Petrol | N42: male | O42: 2.07 | P42: 199.7964 | Q42: Offline | R42: NO | S42: 0.82844907 | T42: =S42-TIME(19,1,25) -> 0.035798611 | U42: =T42-L42 -> 0.0013657407 | V42: https://vehicleinfo.app/rc-details/JK028463?rc_no=JK028463 | W42: Private | X42: NO INFO | Y42: NO INFO | Z42: JAMMU | AA42: #VALUE! | AC42: =HYPERLINK(V42,"link") -> link
A43: 42 | B43: 0.82420234 | C43: 0.82385512 | D43: =C43-time(0,0,30) -> 0.82350789 | E43: =D44-D43 -> 1.408565e-05 | F43: =D43-TIME(19,1,25) -> 0.030857431 | G43: Scooter | H43: J&K | I43: NO NUM PLATE | J43: 4 | K43: 0.82569444 | L43: =K43-TIME(19,1,25) -> 0.033043981 | M43: Petrol | N43: male | O43: 1.83 | P43: 180 | Q43: Offline | R43: NO | S43: 0.82829861 | T43: =S43-TIME(19,1,25) -> 0.035648148 | U43: =T43-L43 -> 0.0026041667 | V43: https://vehicleinfo.app/rc-details/NONUMPLATE?rc_no=NONUMPLATE | W43: Private | X43: NO INFO | Y43: NO INFO | Z43: NO INFO | AA43: #VALUE! | AC43: =HYPERLINK(V43,"link") -> link
A44: 43 | B44: 0.82421642 | C44: 0.8238692 | D44: =C44-time(0,0,30) -> 0.82352198 | E44: =D45-D44 -> 0.0005125 | F44: =D44-TIME(19,1,25) -> 0.030871516 | G44: Car | H44: J&K | I44: JK 02 CV 6368 | J44: 3 | K44: 0.82430556 | L44: =K44-TIME(19,1,25) -> 0.031655093 | M44: Petrol | N44: male | O44: 5.18 | P44: 499.9736 | Q44: Offline | R44: NO | S44: 0.82548611 | T44: =S44-TIME(19,1,25) -> 0.032835648 | U44: =T44-L44 -> 0.0011805556 | V44: https://vehicleinfo.app/rc-details/JK02CV6368?rc_no=JK02CV6368 | W44: Private | X44: 2 | Y44: Expired | Z44: JAMMU | AA44: MARUTI SUZUKI INDIA LTD | AB44: BALENO DELTA PETROL | AC44: =HYPERLINK(V44,"link") -> link
A45: 44 | B45: 0.82472892 | C45: 0.8243817 | D45: =C45-time(0,0,30) -> 0.82403448 | E45: =D46-D45 -> 0.00066481482 | F45: =D45-TIME(19,1,25) -> 0.031384016 | G45: Car | H45: J&K | I45: JK 02 CU 8014 | J45: 2 | K45: 0.825 | L45: =K45-TIME(19,1,25) -> 0.032349537 | M45: Petrol | N45: male | O45: 5.18 | P45: 499.9736 | Q45: Offline | R45: NO | S45: 0.82611111 | T45: =S45-TIME(19,1,25) -> 0.033460648 | U45: =T45-L45 -> 0.0011111111 | V45: https://vehicleinfo.app/rc-details/JK02CU8014?rc_no=JK02CU8014 | W45: Private | X45: 0 | Y45: Valid | Z45: JAMMU | AA45: MARUTI SUZUKI INDIA LTD | AB45: V. BREZZA VXI | AC45: =HYPERLINK(V45,"link") -> link
A46: 45 | B46: 0.82539374 | C46: 0.82504652 | D46: =C46-time(0,0,30) -> 0.82469929 | E46: =D47-D46 -> 5.5011573e-05 | F46: =D46-TIME(19,1,25) -> 0.032048831 | G46: Car | H46: J&K | I46: JK 02 CK 7506 | J46: 4 | K46: 0.82569444 | L46: =K46-TIME(19,1,25) -> 0.033043981 | M46: Petrol | N46: male | O46: 18.8 | P46: 1814.576 | Q46: Offline | R46: NO | S46: 0.82744213 | T46: =S46-TIME(19,1,25) -> 0.034791667 | U46: =T46-L46 -> 0.0017476852 | V46: https://vehicleinfo.app/rc-details/JK02CK7506?rc_no=JK02CK7506 | W46: Private | X46: 0 | Y46: Valid | Z46: JAMMU | AA46: MARUTI SUZUKI INDIA LTD | AB46: MARUTI EECO 7 SEATER W/O AC | AC46: =HYPERLINK(V46,"link") -> link
A47: 46 | B47: 0.82544875 | C47: 0.82510153 | D47: =C47-time(0,0,30) -> 0.82475431 | E47: =D48-D47 -> 0.0010109259 | F47: =D47-TIME(19,1,25) -> 0.032103843 | G47: Bike | H47: J&K | I47: JK 02 DK 3213 | J47: 2 | K47: 0.82638889 | L47: =K47-TIME(19,1,25) -> 0.033738426 | M47: Petrol | N47: male | O47: 2.07 | P47: 200 | Q47: Online | R47: NO | S47: 0.82731481 | T47: =S47-TIME(19,1,25) -> 0.034664352 | U47: =T47-L47 -> 0.00092592593 | V47: https://vehicleinfo.app/rc-details/JK02DK3213?rc_no=JK02DK3213 | W47: Private | X47: 0 | Y47: Valid | Z47: JAMMU | AA47: ROYAL-ENFIELD | AB47: CLASSIC 350 | AC47: =HYPERLINK(V47,"link") -> link
A48: 47 | B48: 0.82645968 | C48: 0.82611245 | D48: =C48-time(0,0,30) -> 0.82576523 | E48: =D49-D48 -> 0.00039368056 | F48: =D48-TIME(19,1,25) -> 0.033114769 | G48: VAN | H48: J&K | I48: JK 02 A W 4023 | J48: 1 | K48: 0.82638889 | L48: =K48-TIME(19,1,25) -> 0.033738426 | M48: Diesel | N48: male | O48: 15.23 | P48: =O48*85.325 -> 1299.4997 | Q48: Offline | R48: NO | S48: 0.82806713 | T48: =S48-TIME(19,1,25) -> 0.035416667 | U48: =T48-L48 -> 0.0016782407 | V48: https://vehicleinfo.app/rc-details/JK02AW4023?rc_no=JK02AW4023 | W48: Taxi | X48: 3 | Y48: Valid | Z48: JAMMU | AA48: TATA MOTORS LTD | AB48: WINGER 32 TC | AC48: =HYPERLINK(V48,"link") -> link
A49: 48 | B49: 0.82685336 | C49: 0.82650613 | D49: =C49-time(0,0,30) -> 0.82615891 | E49: =D50-D49 -> 0.0014920023 | F49: =D49-TIME(19,1,25) -> 0.033508449 | G49: Car | H49: J&K | I49: JK 02 AR 5403 | J49: 2 | K49: 0.82708333 | L49: =K49-TIME(19,1,25) -> 0.03443287 | M49: Petrol | N49: male | O49: 25.9 | P49: 2499.868 | Q49: Offline | R49: NO | S49: 0.82851852 | T49: =S49-TIME(19,1,25) -> 0.035868056 | U49: =T49-L49 -> 0.0014351852 | V49: https://vehicleinfo.app/rc-details/JK02AR5403?rc_no=JK02AR5403 | W49: Private | X49: 0 | Y49: Expired | Z49: JAMMU | AA49: MARUTI SUZUKI INDIA LTD | AB49: SWIFT DESIRE ZXI | AC49: =HYPERLINK(V49,"link") -> link
A50: 49 | B50: 0.82834536 | C50: 0.82799814 | D50: =C50-time(0,0,30) -> 0.82765091 | E50: =D51-D50 -> 0.00012295139 | F50: =D50-TIME(19,1,25) -> 0.035000451 | G50: Car | H50: J&K | I50: JK 02 BD 2200 | J50: 3 | K50: 0.82847222 | L50: =K50-TIME(19,1,25) -> 0.035821759 | M50: Petrol | N50: male | O50: 22.81 | P50: 2200 | Q50: Offline | R50: Yes | S50: 0.83234954 | T50: =S50-TIME(19,1,25) -> 0.039699074 | U50: =T50-L50 -> 0.0038773148 | V50: https://vehicleinfo.app/rc-details/JK02BD2200?rc_no=JK02BD2200 | W50: Private | X50: 0 | Y50: Valid | Z50: JAMMU | AA50: FORD INDIA PVT LTD | AB50: ECOSPORT | AC50: =HYPERLINK(V50,"link") -> link
A51: 50 | B51: 0.82846831 | C51: 0.82812109 | D51: =C51-time(0,0,30) -> 0.82777387 | E51: =D52-D51 -> 0.0017426042 | F51: =D51-TIME(19,1,25) -> 0.035123403 | G51: Car | H51: J&K | I51: JK 08 F 2560 | J51: 2 | K51: 0.82847222 | L51: =K51-TIME(19,1,25) -> 0.035821759 | M51: Petrol | N51: male | O51: 4.68 | P51: 450 | Q51: Online | R51: NO | S51: 0.83020833 | T51: =S51-TIME(19,1,25) -> 0.03755787 | U51: =T51-L51 -> 0.0017361111 | V51: https://vehicleinfo.app/rc-details/JK08F2560?rc_no=JK08F2560 | W51: Private | X51: 4 | Y51: Valid | Z51: LAKHANPUR | AA51: MARUTI SUZUKI INDIA LTD | AB51: MARUTI WAGON R VXI | AC51: =HYPERLINK(V51,"link") -> link
A52: 51 | B52: 0.83021091 | C52: 0.82986369 | D52: =C52-time(0,0,30) -> 0.82951647 | E52: =D53-D52 -> 0.0021645718 | F52: =D52-TIME(19,1,25) -> 0.036866007 | G52: trucks | H52: J&K | I52: JK 02 DD 8247 | J52: 5 | K52: 0.83055556 | L52: =K52-TIME(19,1,25) -> 0.037905093 | M52: Diesel | N52: male | O52: 236.62 | P52: =O52*85.325 -> 20189.602 | Q52: RECIPT | R52: NO | S52: 0.83607639 | T52: =S52-TIME(19,1,25) -> 0.043425926 | U52: =T52-L52 -> 0.0055208333 | V52: https://vehicleinfo.app/rc-details/JK02DD8247?rc_no=JK02DD8247 | W52: Private | X52: 0 | Y52: Valid | Z52: JAMMU | AA52: TATA MOTORS LTD | AB52: SIGNA 2825.TK EBSVI | AC52: =HYPERLINK(V52,"link") -> link
A53: 52 | B53: 0.83237549 | C53: 0.83202826 | D53: =C53-time(0,0,30) -> 0.83168104 | E53: =D54-D53 -> 0.00064549768 | F53: =D53-TIME(19,1,25) -> 0.039030579 | G53: Bike | H53: Other | I53: KA 53 ED 1213 | J53: 2 | K53: 0.83194444 | L53: =K53-TIME(19,1,25) -> 0.039293981 | M53: Petrol | N53: male | O53: 1.04 | P53: 100.3808 | Q53: Offline | R53: NO | S53: 0.83351852 | T53: =S53-TIME(19,1,25) -> 0.040868056 | U53: =T53-L53 -> 0.0015740741 | V53: https://vehicleinfo.app/rc-details/KA53ED1213?rc_no=KA53ED1213 | W53: Private | X53: 0 | Y53: Expired | Z53: KRISHNARAJAPURAM | AA53: HERO | AB53: CB UNICORN | AC53: =HYPERLINK(V53,"link") -> link
A54: 53 | B54: 0.83302098 | C54: 0.83267376 | D54: =C54-time(0,0,30) -> 0.83232654 | E54: =D55-D54 -> 0.0015596991 | F54: =D54-TIME(19,1,25) -> 0.039676076 | G54: Car | H54: J&K | I54: JK 02 CQ 5189 | J54: 3 | K54: 0.83333333 | L54: =K54-TIME(19,1,25) -> 0.04068287 | M54: Petrol | N54: male | O54: 5.18 | P54: 499.9736 | Q54: Offline | R54: NO | S54: 0.83408565 | T54: =S54-TIME(19,1,25) -> 0.041435185 | U54: =T54-L54 -> 0.00075231481 | V54: https://vehicleinfo.app/rc-details/JK02CQ5189?rc_no=JK02CQ5189 | W54: Private | X54: 0 | Y54: Valid | Z54: JAMMU | AA54: MAHINDRA & MAHINDRA LIMITED | AB54: KUV100 NXT K4+ 6S G | AC54: =HYPERLINK(V54,"link") -> link
A55: 54 | B55: 0.83458068 | C55: 0.83423346 | D55: =C55-time(0,0,30) -> 0.83388624 | E55: =D56-D55 -> 0.00022247685 | F55: =D55-TIME(19,1,25) -> 0.041235775 | G55: Car | H55: J&K | I55: JK 08 K 3510 | J55: 2 | K55: 0.83472222 | L55: =K55-TIME(19,1,25) -> 0.042071759 | M55: Petrol | N55: male | O55: 5.39 | P55: 520 | Q55: Offline | R55: NO | S55: 0.8355787 | T55: =S55-TIME(19,1,25) -> 0.042928241 | U55: =T55-L55 -> 0.00085648148 | V55: https://vehicleinfo.app/rc-details/JK08K3510?rc_no=JK08K3510 | W55: Private | X55: 1 | Y55: Valid | Z55: LAKHANPUR | AA55: MARUTI SUZUKI INDIA LTD | AB55: S-CROSS SMART HYBRID ZETA | AC55: =HYPERLINK(V55,"link") -> link
A56: 55 | B56: 0.83480316 | C56: 0.83445594 | D56: =C56-time(0,0,30) -> 0.83410872 | E56: =D57-D56 -> 0.00062844907 | F56: =D56-TIME(19,1,25) -> 0.041458252 | G56: Car | H56: J&K | I56: JK 02 BH 4074 | J56: 2 | K56: 0.83541667 | L56: =K56-TIME(19,1,25) -> 0.042766204 | M56: Petrol | N56: male | O56: 5.18 | P56: 499.9736 | Q56: Offline | R56: NO | S56: 0.83707176 | T56: =S56-TIME(19,1,25) -> 0.044421296 | U56: =T56-L56 -> 0.0016550926 | V56: https://vehicleinfo.app/rc-details/JK02BH4074?rc_no=JK02BH4074 | W56: Private | X56: 0 | Y56: Expired | Z56: JAMMU | AA56: MARUTI SUZUKI INDIA LTD | AB56: ALTO 800 LXI | AC56: =HYPERLINK(V56,"link") -> link
A57: 56 | B57: 0.83543161 | C57: 0.83508439 | D57: =C57-time(0,0,30) -> 0.83473716 | E57: =D58-D57 -> 0.00079653936 | F57: =D57-TIME(19,1,25) -> 0.042086701 | G57: Bike | H57: J&K | I57: JK 14 J 0291 | J57: 4 | K57: 0.83611111 | L57: =K57-TIME(19,1,25) -> 0.043460648 | M57: Petrol | N57: male | O57: 5.18 | P57: 499.9736 | Q57: Online | R57: NO | S57: 0.83758102 | T57: =S57-TIME(19,1,25) -> 0.044930556 | U57: =T57-L57 -> 0.0014699074 | V57: https://vehicleinfo.app/rc-details/JK14J0291?rc_no=JK14J0291 | W57: Private | X57: 0 | Y57: Valid | Z57: UDHAMPUR | AA57: CLASSIC LEGENDS PVT LTD | AB57: YEZDI ROADSTER | AC57: =HYPERLINK(V57,"link") -> link
A58: 57 | B58: 0.83622815 | C58: 0.83588093 | D58: =C58-time(0,0,30) -> 0.8355337 | E58: =D59-D58 -> 0.00066064815 | F58: =D58-TIME(19,1,25) -> 0.042883241 | G58: Car | H58: J&K | I58: JK 02 CL 8884 | J58: 2 | K58: 0.83680556 | L58: =K58-TIME(19,1,25) -> 0.044155093 | M58: Petrol | N58: male | O58: 5.18 | P58: 499.9736 | Q58: Online | R58: NO | S58: 0.83810185 | T58: =S58-TIME(19,1,25) -> 0.045451389 | U58: =T58-L58 -> 0.0012962963 | V58: https://vehicleinfo.app/rc-details/JK02CL8884?rc_no=JK02CL8884 | W58: Private | X58: 0 | Y58: Expired | Z58: JAMMU | AA58: TATA MOTORS LTD | AB58: TATA TIAGO | AC58: =HYPERLINK(V58,"link") -> link
A59: 58 | B59: 0.8368888 | C59: 0.83654157 | D59: =C59-time(0,0,30) -> 0.83619435 | E59: =D60-D59 -> 0.00053143518 | F59: =D59-TIME(19,1,25) -> 0.043543889 | G59: Car | H59: J&K | I59: JK 11 A 6192 | J59: 3 | K59: 0.83680556 | L59: =K59-TIME(19,1,25) -> 0.044155093 | M59: Petrol | N59: male | O59: 3.11 | P59: 300.1772 | Q59: CARD | R59: NO | S59: 0.83855324 | T59: =S59-TIME(19,1,25) -> 0.045902778 | U59: =T59-L59 -> 0.0017476852 | V59: https://vehicleinfo.app/rc-details/JK11A6192?rc_no=JK11A6192 | W59: Private | X59: 0 | Y59: Valid | Z59: RAJOURI | AA59: TOYOTA KIRLOSKAR MOTOR PVT LTD | AB59: TOYOTA ETIOS G | AC59: =HYPERLINK(V59,"link") -> link
A60: 59 | B60: 0.83742023 | C60: 0.83707301 | D60: =C60-time(0,0,30) -> 0.83672579 | E60: =D61-D60 -> 0.00022883102 | F60: =D60-TIME(19,1,25) -> 0.044075324 | G60: Bike | H60: J&K | I60: JK 19 A 7383 | J60: 2 | K60: 0.8375 | L60: =K60-TIME(19,1,25) -> 0.044849537 | M60: Petrol | N60: male | O60: 3.11 | P60: 300.1772 | Q60: Online | R60: NO | S60: 0.83861111 | T60: =S60-TIME(19,1,25) -> 0.045960648 | U60: =T60-L60 -> 0.0011111111 | V60: https://vehicleinfo.app/rc-details/JK19A7383?rc_no=JK19A7383 | W60: Private | X60: 3 | Y60: Valid | Z60: RAMBAN | AA60: BAJAJ | AB60: PULSAR | AC60: =HYPERLINK(V60,"link") -> link
A61: 60 | B61: 0.83764906 | C61: 0.83730184 | D61: =C61-time(0,0,30) -> 0.83695462 | E61: =D62-D61 -> 0.0023858681 | F61: =D61-TIME(19,1,25) -> 0.044304155 | G61: Car | H61: J&K | I61: JK 02 CE 1369 | J61: 3 | K61: 0.83819444 | L61: =K61-TIME(19,1,25) -> 0.045543981 | M61: Petrol | N61: male | O61: 1.86 | P61: 180 | Q61: Offline | R61: NO | S61: 0.83923611 | T61: =S61-TIME(19,1,25) -> 0.046585648 | U61: =T61-L61 -> 0.0010416667 | V61: https://vehicleinfo.app/rc-details/JK02CE1369?rc_no=JK02CE1369 | W61: Private | X61: 1 | Y61: Expired | Z61: JAMMU | AA61: MARUTI SUZUKI INDIA LTD | AB61: MARUTI ALTO 800 | AC61: =HYPERLINK(V61,"link") -> link
A62: 61 | B62: 0.84003493 | C62: 0.83968771 | D62: =C62-time(0,0,30) -> 0.83934049 | E62: =D63-D62 -> 0.0003889699 | F62: =D62-TIME(19,1,25) -> 0.046690023 | G62: Bike | H62: J&K | I62: JK 02 DD 0637 | J62: 3 | K62: 0.84027778 | L62: =K62-TIME(19,1,25) -> 0.047627315 | M62: Petrol | N62: male | O62: 2.07 | P62: 199.7964 | Q62: Offline | R62: NO | S62: 0.84175926 | T62: =S62-TIME(19,1,25) -> 0.049108796 | U62: =T62-L62 -> 0.0014814815 | V62: https://vehicleinfo.app/rc-details/JK02DD0637?rc_no=JK02DD0637 | W62: Private | X62: 0 | Y62: Valid | Z62: JAMMU | AA62: HONDA MOTORCYCLE AND SCOOTER INDIA (P) LTD | AB62: SHINE 125 DRUM | AC62: =HYPERLINK(V62,"link") -> link
A63: 62 | B63: 0.8404239 | C63: 0.84007668 | D63: =C63-time(0,0,30) -> 0.83972946 | E63: =D64-D63 -> 0.0013320139 | F63: =D63-TIME(19,1,25) -> 0.047078993 | G63: auto | H63: J&K | I63: JK 02 BL 1898 | J63: 3 | K63: 0.84166667 | L63: =K63-TIME(19,1,25) -> 0.049016204 | M63: Petrol | N63: male | O63: 5.86 | P63: 570 | Q63: Offline | R63: NO | S63: 0.84270833 | T63: =S63-TIME(19,1,25) -> 0.05005787 | U63: =T63-L63 -> 0.0010416667 | V63: https://vehicleinfo.app/rc-details/JK02BL1898?rc_no=JK02BL1898 | W63: Private | X63: 1 | Y63: Valid | Z63: JAMMU | AA63: TATA MOTORS LTD | AB63: ACE MAGIC | AC63: =HYPERLINK(V63,"link") -> link
A64: 63 | B64: 0.84175591 | C64: 0.84140869 | D64: =C64-time(0,0,30) -> 0.84106147 | E64: =D65-D64 -> 0.00045276619 | F64: =D64-TIME(19,1,25) -> 0.048411007 | G64: auto | H64: J&K | I64: JK 02 BX 9972 | J64: 4 | K64: 0.84166667 | L64: =K64-TIME(19,1,25) -> 0.049016204 | M64: Petrol | N64: male | O64: 1.04 | P64: 100.3808 | Q64: Online | R64: NO | S64: 0.84310185 | T64: =S64-TIME(19,1,25) -> 0.050451389 | U64: =T64-L64 -> 0.0014351852 | V64: https://vehicleinfo.app/rc-details/JK02BX9972?rc_no=JK02BX9972 | W64: Private | X64: 0 | Y64: Expired | Z64: JAMMU | AA64: BAJAJ AUTO LTD | AB64: RE COMPACT PETROL 4S | AC64: =HYPERLINK(V64,"link") -> link
... A67: 66 | B67: 0.84306065 | C67: 0.84271343 | D67: =C67-time(0,0,30) -> 0.8423662 | E67: =D68-D67 -> 2.8564813e-05 | F67: =D67-TIME(19,1,25) -> 0.049715741 | G67: Car | H67: J&K | I67: JK 02 AW 3557 | J67: 2 | K67: 0.84375 | L67: =K67-TIME(19,1,25) -> 0.051099537 | M67: Petrol | N67: male | O67: 27.99 | P67: 2700 | Q67: Online | R67: NO | S67: 0.84564815 | T67: =S67-TIME(19,1,25) -> 0.052997685 | U67: =T67-L67 -> 0.0018981481 | V67: https://vehicleinfo.app/rc-details/JK02AW3557?rc_no=JK02AW3557 | W67: Private | X67: 0 | Y67: Expired | Z67: JAMMU | AA67: MARUTI SUZUKI INDIA LTD | AB67: ALTO LX | AC67: =HYPERLINK(V67,"link") -> link
A68: 67 | B68: 0.84308921 | C68: 0.84274199 | D68: =C68-time(0,0,30) -> 0.84239477 | E68: =D69-D68 -> 0.00097891204 | F68: =D68-TIME(19,1,25) -> 0.049744306 | G68: auto | H68: J&K | I68: JK 02 CN 2970 | J68: 1 | K68: 0.84375 | L68: =K68-TIME(19,1,25) -> 0.051099537 | M68: Diesel | N68: male | O68: 5.86 | P68: =O68*85.325 -> 500.0045 | Q68: Offline | R68: NO | S68: 0.845 | T68: =S68-TIME(19,1,25) -> 0.052349537 | U68: =T68-L68 -> 0.00125 | V68: https://vehicleinfo.app/rc-details/JK02CN2970?rc_no=JK02CN2970 | W68: Taxi | X68: 0 | Y68: Valid | Z68: JAMMU | AA68: TATA | AB68: MAGIC EXPRESS | AC68: =HYPERLINK(V68,"link") -> link
A69: 68 | B69: 0.84406812 | C69: 0.8437209 | D69: =C69-time(0,0,30) -> 0.84337368 | E69: =D70-D69 -> 0.0017852662 | F69: =D69-TIME(19,1,25) -> 0.050723218 | G69: auto | H69: J&K | I69: JK 02 CH 5912 | J69: 4 | K69: 0.84513889 | L69: =K69-TIME(19,1,25) -> 0.052488426 | M69: Petrol | N69: male | O69: 5.16 | P69: 500 | Q69: Offline | R69: NO | S69: 0.84649306 | T69: =S69-TIME(19,1,25) -> 0.053842593 | U69: =T69-L69 -> 0.0013541667 | V69: https://vehicleinfo.app/rc-details/JK02CH5912?rc_no=JK02CH5912 | W69: Taxi | X69: 0 | Y69: Valid | Z69: JAMMU | AA69: BAJAJ AUTO LTD | AB69: RE COMPACT | AC69: =HYPERLINK(V69,"link") -> link
A70: 69 | B70: 0.84585339 | C70: 0.84550617 | D70: =C70-time(0,0,30) -> 0.84515895 | E70: =D71-D70 -> 0.00026019676 | F70: =D70-TIME(19,1,25) -> 0.052508484 | G70: Car | H70: J&K | I70: JK 02 T 6063 | J70: 2 | K70: 0.84583333 | L70: =K70-TIME(19,1,25) -> 0.05318287 | M70: Petrol | N70: male | O70: 1.04 | P70: 100.3808 | Q70: Offline | R70: NO | S70: 0.84707176 | T70: =S70-TIME(19,1,25) -> 0.054421296 | U70: =T70-L70 -> 0.0012384259 | V70: https://vehicleinfo.app/rc-details/JK02T6063?rc_no=JK02T6063 | W70: Private | X70: 0 | Y70: Expired | Z70: JAMMU | AA70: MARUTI SUZUKI INDIA LTD | AB70: MARUTI CAR | AC70: =HYPERLINK(V70,"link") -> link
A71: 70 | B71: 0.84611359 | C71: 0.84576637 | D71: =C71-time(0,0,30) -> 0.84541914 | E71: =D72-D71 -> 0.00045841435 | F71: =D71-TIME(19,1,25) -> 0.052768681 | G71: Bike | H71: J&K | I71: JK 08 B 1998 | J71: 2 | K71: 0.84652778 | L71: =K71-TIME(19,1,25) -> 0.053877315 | M71: Petrol | N71: male | O71: 0.52 | P71: 50.1904 | Q71: Offline | R71: NO | S71: 0.84725694 | T71: =S71-TIME(19,1,25) -> 0.054606481 | U71: =T71-L71 -> 0.00072916667 | V71: https://vehicleinfo.app/rc-details/JK08B1998?rc_no=JK08B1998 | W71: Private | X71: 0 | Y71: Expired | Z71: LAKHANPUR | AA71: HERO | AB71: CBZ | AC71: =HYPERLINK(V71,"link") -> link
A72: 71 | B72: 0.846572 | C72: 0.84622478 | D72: =C72-time(0,0,30) -> 0.84587756 | E72: =D73-D72 -> 0.0021617708 | F72: =D72-TIME(19,1,25) -> 0.053227095 | G72: Scooter | H72: J&K | I72: JK 02 CG 1125 | J72: 4 | K72: 0.84652778 | L72: =K72-TIME(19,1,25) -> 0.053877315 | M72: Petrol | N72: male | O72: 1.04 | P72: 100.3808 | Q72: Offline | R72: NO | S72: 0.84865741 | T72: =S72-TIME(19,1,25) -> 0.056006944 | U72: =T72-L72 -> 0.0021296296 | V72: https://vehicleinfo.app/rc-details/JK02CG1125?rc_no=JK02CG1125 | W72: Private | X72: 0 | Y72: Expired | Z72: JAMMU | AA72: INDIA YAMAHA MOTOR PVT LTD | AB72: FASCINO | AC72: =HYPERLINK(V72,"link") -> link
A73: 72 | B73: 0.84873377 | C73: 0.84838655 | D73: =C73-time(0,0,30) -> 0.84803933 | E73: =D74-D73 -> 0.00074916666 | F73: =D73-TIME(19,1,25) -> 0.055388866 | G73: Car | H73: J&K | I73: JK 14 K 6100 | J73: 2 | K73: 0.84861111 | L73: =K73-TIME(19,1,25) -> 0.055960648 | M73: Petrol | N73: male | O73: 31.31 | P73: 3020 | Q73: Online | R73: NO | S73: 0.85087963 | T73: =S73-TIME(19,1,25) -> 0.058229167 | U73: =T73-L73 -> 0.0022685185 | V73: https://vehicleinfo.app/rc-details/JK14K6100?rc_no=JK14K6100 | W73: Private | X73: 0 | Y73: Valid | Z73: UDHAMPUR | AA73: TATA MOTORS PASSENGER VEHICLES LTD | AB73: TATA NEXON | AC73: =HYPERLINK(V73,"link") -> link
A74: 73 | B74: 0.84948294 | C74: 0.84913572 | D74: =C74-time(0,0,30) -> 0.8487885 | E74: =D75-D74 -> 0.00021547455 | F74: =D74-TIME(19,1,25) -> 0.056138032 | G74: trucks | H74: J&K | I74: JK 14 E 9455 | J74: 3 | K74: 0.84930556 | L74: =K74-TIME(19,1,25) -> 0.056655093 | M74: Petrol | N74: male | O74: 29.3 | P74: 2830 | Q74: Offline | R74: NO | S74: 0.853125 | T74: =S74-TIME(19,1,25) -> 0.060474537 | U74: =T74-L74 -> 0.0038194444 | V74: https://vehicleinfo.app/rc-details/JK14E9455?rc_no=JK14E9455 | W74: Private | X74: 0 | Y74: Valid | Z74: UDHAMPUR | AA74: TATA MOTORS LTD | AB74: SK1613 CRI6 BS-IV | AC74: =HYPERLINK(V74,"link") -> link
A75: 74 | B75: 0.84969841 | C75: 0.84935119 | D75: =C75-time(0,0,30) -> 0.84900397 | E75: =D76-D75 -> 0.00052817129 | F75: =D75-TIME(19,1,25) -> 0.056353507 | G75: Car | H75: Other | I75: HR 26 CL 7209 | J75: 1 | K75: 0.85 | L75: =K75-TIME(19,1,25) -> 0.057349537 | M75: Diesel | N75: male | O75: 13.48 | P75: =O75*85.325 -> 1150.181 | Q75: Online | R75: NO | S75: 0.85148148 | T75: =S75-TIME(19,1,25) -> 0.058831019 | U75: =T75-L75 -> 0.0014814815 | V75: https://vehicleinfo.app/rc-details/HR26CL7209?rc_no=HR26CL7209 | W75: Private | X75: 2 | Y75: Expired | Z75: GURUGAM | AA75: MAHINDRA & MAHINDRA LIMITED | AB75: XUV500 | AC75: =HYPERLINK(V75,"link") -> link
A76: 75 | B76: 0.85022659 | C76: 0.84987936 | D76: =C76-time(0,0,30) -> 0.84953214 | E76: =D77-D76 -> 0.0042778241 | F76: =D76-TIME(19,1,25) -> 0.056881678 | G76: Car | H76: J&K | I76: JK 02 DC 9262 | J76: 4 | K76: 0.85 | L76: =K76-TIME(19,1,25) -> 0.057349537 | M76: Petrol | N76: male | O76: 3.11 | P76: 300.1772 | Q76: Offline | R76: NO | S76: 0.85122685 | T76: =S76-TIME(19,1,25) -> 0.058576389 | U76: =T76-L76 -> 0.0012268519 | V76: https://vehicleinfo.app/rc-details/JK02DC9262?rc_no=JK02DC9262 | W76: Private | X76: 4 | Y76: Valid | Z76: JAMMU | AA76: MARUTI SUZUKI INDIA LTD | AB76: EECO | AC76: =HYPERLINK(V76,"link") -> link
A77: 76 | B77: 0.85450441 | C77: 0.85415719 | D77: =C77-time(0,0,30) -> 0.85380997 | E77: =D78-D77 -> 0.0010003241 | F77: =D77-TIME(19,1,25) -> 0.061159502 | G77: Ambulance | H77: J&K | I77: JK 02 DJ 6747 | J77: 1 | K77: 0.85486111 | L77: =K77-TIME(19,1,25) -> 0.062210648 | M77: Diesel | N77: male | O77: 9.38 | P77: =O77*85.325 -> 800.3485 | Q77: Offline | R77: NO | S77: 0.85631944 | T77: =S77-TIME(19,1,25) -> 0.063668981 | U77: =T77-L77 -> 0.0014583333 | V77: https://vehicleinfo.app/rc-details/JK02DJ6747?rc_no=JK02DJ6747 | W77: ambulance | X77: 0 | Y77: Valid | Z77: JAMMU | AA77: MAHINDRA | AB77: SUPRO ZX AMBULANCE | AC77: =HYPERLINK(V77,"link") -> link
A78: 77 | B78: 0.85550473 | C78: 0.85515751 | D78: =C78-time(0,0,30) -> 0.85481029 | E78: =D79-D78 -> 0.0025922222 | F78: =D78-TIME(19,1,25) -> 0.062159826 | G78: Bike | H78: J&K | I78: JK 02 CG 9706 | J78: 2 | K78: 0.85555556 | L78: =K78-TIME(19,1,25) -> 0.062905093 | M78: Petrol | N78: male | O78: 1.04 | P78: 100.3808 | Q78: Offline | R78: NO | S78: 0.8562037 | T78: =S78-TIME(19,1,25) -> 0.063553241 | U78: =T78-L78 -> 0.00064814815 | V78: https://vehicleinfo.app/rc-details/JK02CG9706?rc_no=JK02CG9706 | W78: Private | X78: 0 | Y78: Expired | Z78: JAMMU | AA78: HERO MOTOCORP LTD | AB78: SUPER SPLENDOR | AC78: =HYPERLINK(V78,"link") -> link
A79: 78 | B79: 0.85809696 | C79: 0.85774973 | D79: =C79-time(0,0,30) -> 0.85740251 | E79: =D80-D79 -> 0.00023150463 | F79: =D79-TIME(19,1,25) -> 0.064752049 | G79: Bike | H79: J&K | I79: JK 02 CX 4206 | J79: 3 | K79: 0.85833333 | L79: =K79-TIME(19,1,25) -> 0.06568287 | M79: Petrol | N79: male | O79: 0.73 | P79: 70.4596 | Q79: Online | R79: NO | S79: 0.85924769 | T79: =S79-TIME(19,1,25) -> 0.066597222 | U79: =T79-L79 -> 0.00091435185 | V79: https://vehicleinfo.app/rc-details/JK02CX4206?rc_no=JK02CX4206 | W79: Private | X79: 5 | Y79: Valid | Z79: JAMMU | AA79: BAJAJ AUTO LTD | AB79: DOMINAR D 250 | AC79: =HYPERLINK(V79,"link") -> link
A80: 79 | B80: 0.85832846 | C80: 0.85798124 | D80: =C80-time(0,0,30) -> 0.85763402 | E80: =D81-D80 -> 0.002236794 | F80: =D80-TIME(19,1,25) -> 0.064983553 | G80: Car | H80: J&K | I80: JK 02 CP 0634 | J80: 4 | K80: 0.85833333 | L80: =K80-TIME(19,1,25) -> 0.06568287 | M80: Petrol | N80: male | O80: 10.36 | P80: 999.9472 | Q80: Offline | R80: NO | S80: 0.85967593 | T80: =S80-TIME(19,1,25) -> 0.067025463 | U80: =T80-L80 -> 0.0013425926 | V80: https://vehicleinfo.app/rc-details/JK02CP0634?rc_no=JK02CP0634 | W80: Private | X80: 0 | Y80: Valid | Z80: JAMMU | AA80: MARUTI SUZUKI INDIA LTD | AB80: V. BREZZA LXI | AC80: =HYPERLINK(V80,"link") -> link
A81: 80 | B81: 0.86056525 | C81: 0.86021803 | D81: =C81-time(0,0,30) -> 0.85987081 | E81: =D82-D81 -> 0.0035940278 | F81: =D81-TIME(19,1,25) -> 0.067220347 | G81: Car | H81: J&K | I81: JK 14 E 3691 | J81: 2 | K81: 0.86041667 | L81: =K81-TIME(19,1,25) -> 0.067766204 | M81: Petrol | N81: male | O81: 10.36 | P81: 999.9472 | Q81: CARD | R81: NO | S81: 0.86185185 | T81: =S81-TIME(19,1,25) -> 0.069201389 | U81: =T81-L81 -> 0.0014351852 | V81: https://vehicleinfo.app/rc-details/JK14E3691?rc_no=JK14E3691 | W81: Private | X81: 0 | Y81: Expired | Z81: UDHAMPUR | AA81: HYUNDAI MOTOR INDIA LTD | AB81: I20 MAGNA VTVT | AC81: =HYPERLINK(V81,"link") -> link
A82: 81 | B82: 0.86415928 | C82: 0.86381206 | D82: =C82-time(0,0,30) -> 0.86346484 | E82: =D83-D82 -> 1.4548612e-05 | F82: =D82-TIME(19,1,25) -> 0.070814375 | G82: Bike | H82: J&K | I82: JK 02 DB 9207 | J82: 2 | K82: 0.86388889 | L82: =K82-TIME(19,1,25) -> 0.071238426 | M82: Petrol | N82: male | O82: 5.18 | P82: 500 | Q82: Online | R82: NO | S82: 0.86540509 | T82: =S82-TIME(19,1,25) -> 0.07275463 | U82: =T82-L82 -> 0.0015162037 | V82: https://vehicleinfo.app/rc-details/JK02DB9207?rc_no=JK02DB9207 | W82: Private | X82: 1 | Y82: Valid | Z82: JAMMU | AA82: ROYAL-ENFIELD (UNIT OF EICHER LTD) | AB82: BULLET 350 | AC82: =HYPERLINK(V82,"link") -> link
A83: 82 | B83: 0.86417383 | C83: 0.86382661 | D83: =C83-time(0,0,30) -> 0.86347939 | E83: =D84-D83 -> 0.00044722223 | F83: =D83-TIME(19,1,25) -> 0.070828924 | G83: Car | H83: J&K | I83: JK 02 DC 6141 | J83: 2 | K83: 0.86527778 | L83: =K83-TIME(19,1,25) -> 0.072627315 | M83: Petrol | N83: male | O83: 2.07 | P83: 199.7964 | Q83: Online | R83: NO | S83: 0.86634259 | T83: =S83-TIME(19,1,25) -> 0.07369213 | U83: =T83-L83 -> 0.0010648148 | V83: https://vehicleinfo.app/rc-details/JK02DC6141?rc_no=JK02DC6141 | W83: Private | X83: 0 | Y83: Expired | Z83: JAMMU | AA83: MARUTI SUZUKI INDIA LTD | AB83: ALTO | AC83: =HYPERLINK(V83,"link") -> link
A84: 83 | B84: 0.86462105 | C84: 0.86427383 | D84: =C84-time(0,0,30) -> 0.86392661 | E84: =D85-D84 -> 0.0017661343 | F84: =D84-TIME(19,1,25) -> 0.071276146 | G84: Bike | H84: J&K | I84: JK 20 3913 | J84: 4 | K84: 0.86458333 | L84: =K84-TIME(19,1,25) -> 0.07193287 | M84: Petrol | N84: male | O84: 5.18 | P84: 499.9736 | Q84: Offline | R84: NO | S84: 0.86597222 | T84: =S84-TIME(19,1,25) -> 0.073321759 | U84: =T84-L84 -> 0.0013888889 | V84: https://vehicleinfo.app/rc-details/JK203913?rc_no=JK203913 | W84: Private | X84: 0 | Y84: Expired | Z84: RESAI | AA84: HERO HONDA MOTORS LTD | AB84: SUPER SPLENDER | AC84: =HYPERLINK(V84,"link") -> link
A85: 84 | B85: 0.86638719 | C85: 0.86603997 | D85: =C85-time(0,0,30) -> 0.86569274 | E85: =D86-D85 -> 0.0024752546 | F85: =D85-TIME(19,1,25) -> 0.07304228 | G85: Bike | H85: Other | I85: HR 21 M 9657 | J85: 2 | K85: 0.86666667 | L85: =K85-TIME(19,1,25) -> 0.074016204 | M85: Petrol | N85: male | O85: 5.29 | P85: 510 | Q85: Online | R85: NO | S85: 0.87109954 | T85: =S85-TIME(19,1,25) -> 0.078449074 | U85: =T85-L85 -> 0.0044328704 | V85: https://vehicleinfo.app/rc-details/HR21M9657?rc_no=HR21M9657 | W85: Private | X85: 12 | Y85: Expired | Z85: SAMBA | AA85: BAJAJAUTO LTD | AB85: CT 100 | AC85: =HYPERLINK(V85,"link") -> link
A86: 85 | B86: 0.86886244 | C86: 0.86851522 | D86: =C86-time(0,0,30) -> 0.868168 | E86: =D87-D86 -> 0.00083552083 | F86: =D86-TIME(19,1,25) -> 0.075517535 | G86: Car | H86: Other | I86: RJ 37 UA 8388 | J86: 1 | K86: 0.86944444 | L86: =K86-TIME(19,1,25) -> 0.076793981 | M86: Diesel | N86: male | O86: 52.15 | P86: =O86*85.325 -> 4449.6987 | Q86: Online | R86: NO | S86: 0.87305556 | T86: =S86-TIME(19,1,25) -> 0.080405093 | U86: =T86-L86 -> 0.0036111111 | V86: https://vehicleinfo.app/rc-details/RJ37UA8388?rc_no=RJ37UA8388 | W86: Private | X86: 0 | Y86: Valid | Z86: DIDWANA | AA86: MAHINDRA | AB86: SCORPIO CLASSIC S11 MT 7S | AC86: =HYPERLINK(V86,"link") -> link
A87: 86 | B87: 0.86969796 | C87: 0.86935074 | D87: =C87-time(0,0,30) -> 0.86900352 | E87: =D88-D87 -> 0.001277581 | F87: =D87-TIME(19,1,25) -> 0.076353056 | G87: PICK UP | H87: J&K | I87: JK 02 CW 4196 | J87: 3 | K87: 0.87013889 | L87: =K87-TIME(19,1,25) -> 0.077488426 | M87: Petrol | N87: male | O87: 5.86 | P87: 570 | Q87: Offline | R87: NO | S87: 0.87158565 | T87: =S87-TIME(19,1,25) -> 0.078935185 | U87: =T87-L87 -> 0.0014467593 | V87: https://vehicleinfo.app/rc-details/JK02CW4196?rc_no=JK02CW4196 | W87: pick up | X87: 1 | Y87: Expired | Z87: JAMMU | AA87: MAHINDRA & MAHINDRA LIMITED | AB87: BOLERO PIK-UP | AC87: =HYPERLINK(V87,"link") -> link
A88: 87 | B88: 0.87097554 | C88: 0.87062832 | D88: =C88-time(0,0,30) -> 0.8702811 | E88: =D89-D88 -> 0.004190081 | F88: =D88-TIME(19,1,25) -> 0.077630637 | G88: Bike | H88: J&K | I88: JK 02 DG 9342 | J88: 2 | K88: 0.87083333 | L88: =K88-TIME(19,1,25) -> 0.07818287 | M88: Petrol | N88: male | O88: 2.07 | P88: 199.7964 | Q88: Offline | R88: NO | S88: 0.87178241 | T88: =S88-TIME(19,1,25) -> 0.079131944 | U88: =T88-L88 -> 0.00094907407 | V88: https://vehicleinfo.app/rc-details/JK02DG9342?rc_no=JK02DG9342 | W88: Private | X88: 0 | Y88: Valid | Z88: JAMMU | AA88: HERO MOTOCORP LTD | AB88: SPLENDOR+ | AC88: =HYPERLINK(V88,"link") -> link
A89: 88 | B89: 0.87516562 | C89: 0.8748184 | D89: =C89-time(0,0,30) -> 0.87447118 | E89: =D90-D89 -> 0.0023029167 | F89: =D89-TIME(19,1,25) -> 0.081820718 | G89: Car | H89: J&K | I89: JK 14 J 3520 | J89: 3 | K89: 0.87708333 | L89: =K89-TIME(19,1,25) -> 0.08443287 | M89: Petrol | N89: male | O89: 10.36 | P89: 100 | Q89: Online | R89: NO | S89: 0.87878472 | T89: =S89-TIME(19,1,25) -> 0.086134259 | U89: =T89-L89 -> 0.0017013889 | V89: https://vehicleinfo.app/rc-details/JK14J3520?rc_no=JK14J3520 | W89: Private | X89: 0 | Y89: Valid | Z89: UDHAMPUR | AA89: MARUTI SUZUKI INDIA LTD | AB89: ALTO | AC89: =HYPERLINK(V89,"link") -> link
A90: 89 | B90: 0.87746854 | C90: 0.87712132 | D90: =C90-time(0,0,30) -> 0.8767741 | E90: =D91-D90 -> 0.0010143056 | F90: =D90-TIME(19,1,25) -> 0.084123634 | G90: Scooter | H90: J&K | I90: JK 02 CJ 2449 | J90: 2 | K90: 0.87708333 | L90: =K90-TIME(19,1,25) -> 0.08443287 | M90: Petrol | N90: male | O90: 1.04 | P90: 100.3808 | Q90: Offline | R90: NO | S90: 0.87797454 | T90: =S90-TIME(19,1,25) -> 0.085324074 | U90: =T90-L90 -> 0.0008912037 | V90: https://vehicleinfo.app/rc-details/JK02CJ2449?rc_no=JK02CJ2449 | W90: Private | X90: 0 | Y90: Valid | Z90: JAMMU | AA90: HONDA MOTORCYCLE AND SCOOTER INDIA (P) LTD | AB90: ACTIVA 5G | AC90: =HYPERLINK(V90,"link") -> link
A91: 90 | B91: 0.87848285 | C91: 0.87813563 | D91: =C91-time(0,0,30) -> 0.8777884 | E91: =D92-D91 -> 0.00051737268 | F91: =D91-TIME(19,1,25) -> 0.08513794 | G91: Car | H91: J&K | I91: JK 02 CR 9322 | J91: 1 | K91: 0.87847222 | L91: =K91-TIME(19,1,25) -> 0.085821759 | M91: Diesel | N91: male | O91: 5.86 | P91: =O91*85.325 -> 500.0045 | Q91: Online | R91: NO | S91: 0.88048611 | T91: =S91-TIME(19,1,25) -> 0.087835648 | U91: =T91-L91 -> 0.0020138889 | V91: https://vehicleinfo.app/rc-details/JK02CR9322?rc_no=JK02CR9322 | W91: Private | X91: 0 | Y91: Valid | Z91: JAMMU | AA91: HYUNDAI MOTOR INDIA LTD | AB91: VERNA | AC91: =HYPERLINK(V91,"link") -> link
A92: 91 | B92: 0.87900022 | C92: 0.878653 | D92: =C92-time(0,0,30) -> 0.87830578 | E92: =D93-D92 -> 0.0038235648 | F92: =D92-TIME(19,1,25) -> 0.085655312 | G92: Bike | H92: J&K | I92: JK 02 BA 5366 | J92: 3 | K92: 0.87916667 | L92: =K92-TIME(19,1,25) -> 0.086516204 | M92: Petrol | N92: male | O92: 1.04 | P92: 100.3808 | Q92: Offline | R92: NO | S92: 0.88041667 | T92: =S92-TIME(19,1,25) -> 0.087766204 | U92: =T92-L92 -> 0.00125 | V92: https://vehicleinfo.app/rc-details/JK02BA5366?rc_no=JK02BA5366 | W92: Private | X92: 3 | Y92: Expired | Z92: JAMMU | AA92: HERO | AB92: SUPER SPLENDER | AC92: =HYPERLINK(V92,"link") -> link
A93: 92 | B93: 0.88282378 | C93: 0.88247656 | D93: =C93-time(0,0,30) -> 0.88212934 | E93: =D94-D93 -> 0.00028543982 | F93: =D93-TIME(19,1,25) -> 0.089478877 | G93: Car | H93: J&K | I93: JK 02 DT 5357 | J93: 4 | K93: 0.88263889 | L93: =K93-TIME(19,1,25) -> 0.089988426 | M93: Petrol | N93: male | O93: 10.47 | P93: 1010 | Q93: Online | R93: NO | S93: 0.88438657 | T93: =S93-TIME(19,1,25) -> 0.091736111 | U93: =T93-L93 -> 0.0017476852 | V93: https://vehicleinfo.app/rc-details/JK02DT5357?rc_no=JK02DT5357 | W93: Private | X93: 0 | Y93: Valid | Z93: JAMMU | AA93: MARUTI SUZUKI INDIA LTD | AB93: FRONX SIGMA 6AB | AC93: =HYPERLINK(V93,"link") -> link
A94: 93 | B94: 0.88310922 | C94: 0.882762 | D94: =C94-time(0,0,30) -> 0.88241478 | E94: =D95-D94 -> 0.00043628472 | F94: =D94-TIME(19,1,25) -> 0.089764317 | G94: auto | H94: J&K | I94: JK 02 DT 5873 | J94: 2 | K94: 0.88333333 | L94: =K94-TIME(19,1,25) -> 0.09068287 | M94: Petrol | N94: male | O94: 4.34 | P94: 420 | Q94: Offline | R94: NO | S94: 0.88490741 | T94: =S94-TIME(19,1,25) -> 0.092256944 | U94: =T94-L94 -> 0.0015740741 | V94: https://vehicleinfo.app/rc-details/JK02DT5873?rc_no=JK02DT5873 | W94: Taxi | X94: 0 | Y94: Valid | Z94: JAMMU | AA94: BAJAJ | AB94: BAJAJ MAXIMA CARGO | AC94: =HYPERLINK(V94,"link") -> link
A95: 94 | B95: 0.88354551 | C95: 0.88319829 | D95: =C95-time(0,0,30) -> 0.88285106 | E95: =D96-D95 -> 0.00010302083 | F95: =D95-TIME(19,1,25) -> 0.090200602 | G95: auto | H95: J&K | I95: JK 02 AX 6954 | J95: 1 | K95: 0.88472222 | L95: =K95-TIME(19,1,25) -> 0.092071759 | M95: Diesel | N95: male | O95: 4.69 | P95: =O95*85.325 -> 400.17425 | Q95: Offline | R95: NO | S95: 0.88762731 | T95: =S95-TIME(19,1,25) -> 0.094976852 | U95: =T95-L95 -> 0.0029050926 | V95: https://vehicleinfo.app/rc-details/JK02AX6954?rc_no=JK02AX6954 | W95: Taxi | X95: 0 | Y95: Expired | Z95: JAMMU | AA95: TATA MOTORS LTD | AB95: MAGIC | AC95: =HYPERLINK(V95,"link") -> link
A96: 95 | B96: 0.88364853 | C96: 0.88330131 | D96: =C96-time(0,0,30) -> 0.88295409 | E96: =D97-D96 -> 0.0015598148 | F96: =D96-TIME(19,1,25) -> 0.090303623 | G96: pick up | H96: J&K | I96: JK 02 BU 6102 | J96: 5 | K96: 0.88402778 | L96: =K96-TIME(19,1,25) -> 0.091377315 | M96: Diesel | N96: male | O96: 23.44 | P96: =O96*85.325 -> 2000.018 | Q96: Offline | R96: NO | S96: 0.88751157 | T96: =S96-TIME(19,1,25) -> 0.094861111 | U96: =T96-L96 -> 0.0034837963 | V96: https://vehicleinfo.app/rc-details/JK02BU6102?rc_no=JK02BU6102 | W96: pick up | X96: 0 | Y96: Valid | Z96: JAMMU | AA96: MAHINDRA | AB96: MAHINDRA BOLERO PICK UP FB PS | AC96: =HYPERLINK(V96,"link") -> link
A97: 96 | B97: 0.88520834 | C97: 0.88486112 | D97: =C97-time(0,0,30) -> 0.8845139 | E97: =D98-D97 -> 0.00012916666 | F97: =D97-TIME(19,1,25) -> 0.091863438 | G97: Car | H97: J&K | I97: JK 02 DP 6481 | J97: 2 | K97: 0.88541667 | L97: =K97-TIME(19,1,25) -> 0.092766204 | M97: Petrol | N97: male | O97: 25.91 | P97: 2500 | Q97: Online | R97: NO | S97: 0.88733796 | T97: =S97-TIME(19,1,25) -> 0.0946875 | U97: =T97-L97 -> 0.0019212963 | V97: https://vehicleinfo.app/rc-details/JK02DP6481?rc_no=JK02DP6481 | W97: Taxi | X97: 0 | Y97: Expired | Z97: JAMMU | AA97: MARUTI SUZUKI INDIA LTD | AB97: TOUR S | AC97: =HYPERLINK(V97,"link") -> link
A98: 97 | B98: 0.88533751 | C98: 0.88499029 | D98: =C98-time(0,0,30) -> 0.88464307 | E98: =D99-D98 -> 0.00090383102 | F98: =D98-TIME(19,1,25) -> 0.091992604 | G98: Car | H98: Other | I98: DL 1 CAA 5690 | J98: 3 | K98: 0.88611111 | L98: =K98-TIME(19,1,25) -> 0.093460648 | M98: Petrol | N98: male | O98: 22.29 | P98: 2150 | Q98: Online | R98: NO | S98: 0.8883912 | T98: =S98-TIME(19,1,25) -> 0.095740741 | U98: =T98-L98 -> 0.0022800926 | V98: https://vehicleinfo.app/rc-details/DL1CAA5690?rc_no=DL1CAA5690 | W98: Private | X98: 4 | Y98: Expired | Z98: North Delhi | AA98: MARUTI SUZUKI INDIA LTD | AB98: ERTIGA | AC98: =HYPERLINK(V98,"link") -> link
A99: 98 | B99: 0.88624134 | C99: 0.88589412 | D99: =C99-time(0,0,30) -> 0.8855469 | E99: =D100-D99 -> 0.000575625 | F99: =D99-TIME(19,1,25) -> 0.092896435 | G99: trucks | H99: J&K | I99: JK 02 BY 7434 | J99: 1 | K99: 0.88680556 | L99: =K99-TIME(19,1,25) -> 0.094155093 | M99: Diesel | N99: male | O99: 32.82 | P99: =O99*85.325 -> 2800.3665 | Q99: Offline | R99: NO | S99: 0.88994213 | T99: =S99-TIME(19,1,25) -> 0.097291667 | U99: =T99-L99 -> 0.0031365741 | V99: https://vehicleinfo.app/rc-details/JK02BY7434?rc_no=JK02BY7434 | X99: NO INFO | Y99: NO INFO | Z99: JAMMU | AA99: #VALUE! | AC99: =HYPERLINK(V99,"link") -> link
A100: 99 | B100: 0.88681697 | C100: 0.88646975 | D100: =C100-time(0,0,30) -> 0.88612252 | E100: =D101-D100 -> 0.0022295486 | F100: =D100-TIME(19,1,25) -> 0.09347206 | G100: Bike | H100: J&K | I100: JK 02 DJ 1441 | J100: 2 | K100: 0.88680556 | L100: =K100-TIME(19,1,25) -> 0.094155093 | M100: Petrol | N100: male | O100: 1.04 | P100: 100.3808 | Q100: Offline | R100: NO | S100: 0.8878588 | T100: =S100-TIME(19,1,25) -> 0.095208333 | U100: =T100-L100 -> 0.0010532407 | V100: https://vehicleinfo.app/rc-details/JK02DJ1441?rc_no=JK02DJ1441 | W100: Private | X100: 1 | Y100: Valid | Z100: JAMMU | AA100: Hero Motocorp | AB100: SPLENDOR+ | AC100: =HYPERLINK(V100,"link") -> link
A101: 100 | B101: 0.88904652 | C101: 0.88869929 | D101: =C101-time(0,0,30) -> 0.88835207 | E101: =D102-D101 -> 0.00080731481 | F101: =D101-TIME(19,1,25) -> 0.095701609 | G101: Car | H101: J&K | I101: JK 02 BJ 0366 | J101: 2 | K101: 0.88888889 | L101: =K101-TIME(19,1,25) -> 0.096238426 | M101: Petrol | N101: male | O101: 10.36 | P101: 999.9472 | Q101: Offline | R101: NO | S101: 0.89069444 | T101: =S101-TIME(19,1,25) -> 0.098043981 | U101: =T101-L101 -> 0.0018055556 | V101: https://vehicleinfo.app/rc-details/JK02BJ0366?rc_no=JK02BJ0366 | W101: Private | X101: 0 | Y101: Expired | Z101: JAMMU | AA101: HYUNDAI MOTOR INDIA LTD | AB101: GRAND I 10 | AC101: =HYPERLINK(V101,"link") -> link
A102: 101 | B102: 0.88985383 | C102: 0.88950661 | D102: =C102-time(0,0,30) -> 0.88915939 | E102: =D103-D102 -> 0.0032955787 | F102: =D102-TIME(19,1,25) -> 0.096508924 | G102: Car | H102: J&K | I102: JK 02 CQ 8989 | J102: 1 | K102: 0.89027778 | L102: =K102-TIME(19,1,25) -> 0.097627315 | M102: Diesel | N102: male | O102: 11.72 | P102: =O102*85.325 -> 1000.009 | Q102: Online | R102: NO | S102: 0.8912963 | T102: =S102-TIME(19,1,25) -> 0.098645833 | U102: =T102-L102 -> 0.0010185185 | V102: https://vehicleinfo.app/rc-details/JK02CQ8989?rc_no=JK02CQ8989 | W102: Private | X102: 1 | Y102: Expired | Z102: JAMMU | AA102: TOYOTA | AB102: FORTUNER SIGMA | AC102: =HYPERLINK(V102,"link") -> link
...

Sheet Range Tables
A2: Pump Number Distribution
A3: Petrol
A4: Sl.no | B4: Pump Number | C4: Frequency | D4: Probability | E4: Cumulative Probability | F4: Lower range | G4: Higher range
A5: 1 | B5: 2 | C5: 46 | D5: =C5/$C$8 -> 0.52272727 | E5: 0.52272727 | F5: 0 | G5: =E5-0.001 -> 0.52172727
A6: 2 | B6: 3 | C6: 28 | D6: =C6/$C$8 -> 0.31818182 | E6: =E5+D6 -> 0.84090909 | F6: 0.52272727 | G6: =E6-0.001 -> 0.83990909
A7: 3 | B7: 4 | C7: 14 | D7: =C7/$C$8 -> 0.15909091 | E7: =E6+D7 -> 1 | F7: 0.84090909 | G7: =E7-0.001 -> 0.999
B8: Total | C8: =SUM(C5:C7) -> 88 | D8: =SUM(D5:D7) -> 1
A10: Pump Number Distribution
A11: Diesel
A12: Sl.no | B12: Pump Number | C12: Frequency | D12: Probability | E12: Cumulative Probability | F12: Lower range | G12: Higher range
A13: 1 | B13: 1 | C13: 13 | D13: =C13/C15 -> 0.86666667 | E13: 0.86666667 | F13: 0 | G13: =E13-0.001 -> 0.86566667
A14: 2 | B14: 5 | C14: 2 | D14: =C14/C15 -> 0.13333333 | E14: =E13+D14 -> 1 | F14: 0.86666667 | G14: =E14-0.001 -> 0.999
B15: Total | C15: =sum(C13:C14) -> 15 | D15: =sum(D13:D14) -> 1
A16: Vehicle to Fuel Distribution
A17: Car | K17: Fuel Type Distribution
A18: Sl.no | B18: Fuel type | C18: Frequency | D18: Probability | E18: Cumulative Probability | F18: Lower range | G18: Higher range | K18: Sl.no | L18: fuel type | M18: frequency | N18: probality | O18: cumulative probility | P18: Lower range | Q18: Higher range
A19: 1 | B19: Petrol | C19: 44 | D19: =C19/C$21 -> 0.89795918 | E19: 0.89795918 | F19: 0 | G19: =E19-0.001 -> 0.89695918 | K19: 1 | L19: petrol | M19: 88 | N19: =M19/M$21 -> 0.85436893 | O19: 0.854 | P19: 0 | Q19: =O19-0.001 -> 0.853
A20: 2 | B20: Diesel | C20: 5 | D20: =C20/C$21 -> 0.10204082 | E20: =E19+D20 -> 1 | F20: 0.89795918 | G20: =E20-0.001 -> 0.999 | K20: 2 | L20: desiel | M20: 15 | N20: =M20/M$21 -> 0.14563107 | O20: 1 | P20: 0.854 | Q20: =O20-0.001 -> 0.999
B21: Total | C21: =sum(C19:C20) -> 49 | D21: =C21/C$21 -> 1 | L21: total | M21: =SUM(M19:M20) -> 103 | N21: =M21/M$21 -> 1
A22: Vehicle to Fuel Distribution | L22: Diesel
A23: Bike | K23: Sl.no | L23: Vehicle Type | M23: frequency | N23: probality | O23: cumulative probility | P23: Lower range | Q23: Higher range
A24: Sl.no | B24: Fuel type | C24: Frequency | D24: Probability | E24: Cumulative Probability | F24: Lower range | G24: Higher range | K24: 1 | L24: Car | M24: 5 | N24: =M24/M$28 -> 0.33333333 | O24: =0+N24 -> 0.33333333 | P24: 0 | Q24: =O24-0.001 -> 0.33233333
A25: 1 | B25: Petrol | C25: 29 | D25: =C25/C$27 -> 1 | E25: 1 | F25: 0 | G25: =E25-0.001 -> 0.999 | K25: 2 | L25: Auto | M25: 3 | N25: =M25/M$28 -> 0.2 | O25: =(O24+N25) -> 0.53333333 | P25: 0.33333333 | Q25: =O25-0.001 -> 0.53233333
A26: 2 | B26: Diesel | C26: 0 | D26: =C26/C$27 -> 0 | E26: =E25+D26 -> 1 | F26: – | G26: – | K26: 3 | L26: Carriers* | M26: 5 | N26: =M26/M$28 -> 0.33333333 | O26: =(O25+N26) -> 0.86666667 | P26: 0.53333333 | Q26: =O26-0.001 -> 0.86566667
B27: Total | C27: =sum(C25:C26) -> 29 | D27: =C27/C$27 -> 1 | K27: 4 | L27: Van* | M27: 2 | N27: =M27/M$28 -> 0.13333333 | O27: =(O26+N27) -> 1 | P27: 0.86666667 | Q27: =O27-0.001 -> 0.999
A28: Vehicle to Fuel Distribution | L28: total | M28: =sum(M24:M27) -> 15 | N28: =M28/M$28 -> 1
A29: Scooter | K29: Petrol
A30: Sl.no | B30: Fuel type | C30: Frequency | D30: Probability | E30: Cumulative Probability | F30: Lower range | G30: Higher range | K30: Sl.no | L30: Vehicle Type | M30: frequency | N30: probality | O30: cumulative probility | P30: Lower range | Q30: Higher range
A31: 1 | B31: Petrol | C31: 8 | D31: =C31/C$33 -> 1 | E31: 1 | F31: 0 | G31: =E31-0.001 -> 0.999 | K31: 1 | L31: Car | M31: 44 | N31: =M31/M$36 -> 0.5 | O31: 0.5 | P31: 0 | Q31: =O31-0.001 -> 0.499
A32: 2 | B32: Diesel | C32: 0 | D32: =C32/C$33 -> 0 | E32: =E31+D32 -> 1 | F32: – | G32: – | K32: 2 | L32: Bike | M32: 29 | N32: =M32/M$36 -> 0.32954545 | O32: =(O31+N32) -> 0.82954545 | P32: 0.5 | Q32: =O32-0.001 -> 0.82854545
B33: Total | C33: =SUM(C31:C32) -> 8 | D33: =C33/C$33 -> 1 | K33: 3 | L33: Scooter | M33: 8 | N33: =M33/M$36 -> 0.090909091 | O33: =(O32+N33) -> 0.92045455 | P33: 0.82954545 | Q33: =O33-0.001 -> 0.91945455
A34: Vehicle to Fuel Distribution | K34: 4 | L34: Auto | M34: 4 | N34: =M34/M$36 -> 0.045454545 | O34: =(O33+N34) -> 0.96590909 | P34: 0.92045455 | Q34: =O34-0.001 -> 0.96490909
A35: Auto | K35: 5 | L35: Carriers* | M35: 3 | N35: =M35/M$36 -> 0.034090909 | O35: =(O34+N35) -> 1 | P35: 0.96590909 | Q35: =O35-0.001 -> 0.999
A36: Sl.no | B36: Fuel type | C36: Frequency | D36: Probability | E36: Cumulative Probability | F36: Lower range | G36: Higher range | L36: Total | M36: =sum(M31:M35) -> 88 | N36: =M36/M$36 -> 1
A37: 1 | B37: Petrol | C37: 4 | D37: =C37/C$39 -> 0.57142857 | E37: 0.57142857 | F37: 0 | G37: =E37-0.001 -> 0.57042857
A38: 2 | B38: Diesel | C38: 3 | D38: =C38/C$39 -> 0.42857143 | E38: =E37+D38 -> 1 | F38: 0.57142857 | G38: =E38-0.001 -> 0.999
B39: Total | C39: =sum(C37:C38) -> 7 | D39: =C39/C$39 -> 1
A40: Vehicle to Fuel Distribution
A41: Carriers*
A42: Sl.no | B42: Fuel type | C42: Frequency | D42: Probability | E42: Cumulative Probability | F42: Lower range | G42: Higher range
A43: 1 | B43: Petrol | C43: 3 | D43: =C43/C$45 -> 0.375 | E43: 0.375 | F43: 0 | G43: =E43-0.001 -> 0.374
A44: 2 | B44: Diesel | C44: 5 | D44: =C44/C$45 -> 0.625 | E44: =E43+D44 -> 1 | F44: 0.375 | G44: =E44-0.001 -> 0.999
B45: Total | C45: =SUM(C43:C44) -> 8 | D45: =C45/C$45 -> 1
A46: Vehicle to Fuel Distribution
A47: Van
A48: Sl.no | B48: Fuel type | C48: Frequency | D48: Probability | E48: Cumulative Probability | F48: Lower range | G48: Higher range
A49: 1 | B49: Petrol | C49: 0 | D49: =C49/C$51 -> 0 | E49: 0 | F49: – | G49: –
A50: 2 | B50: Diesel | C50: 2 | D50: =C50/C$51 -> 1 | E50: =E49+D50 -> 1 | F50: 0 | G50: =E50-0.001 -> 0.999
B51: Total | C51: =sum(C49:C50) -> 2 | D51: =C51/C$51 -> 1
A52: Interarrival Time
A53: Sl.no | B53: Inter arrival time(sec) | C53: Frequency | D53: Probability | E53: Cumilative Probability | F53: Lower range | G53: Higher range
A54: 1 | B54: 0 - 30 | C54: 31 | D54: =C54/$C$67 -> 0.30097087 | E54: 0.30097087 | F54: 0 | G54: =E54-0.001 -> 0.29997087
A55: 2 | B55: 30 - 60 | C55: 26 | D55: =C55/$C$67 -> 0.25242718 | E55: =E54+D55 -> 0.55339806 | F55: 0.30097087 | G55: =E55-0.001 -> 0.55239806
A56: 3 | B56: 60 - 90 | C56: 17 | D56: =C56/$C$67 -> 0.16504854 | E56: =E55+D56 -> 0.7184466 | F56: 0.55339806 | G56: =E56-0.001 -> 0.7174466
A57: 4 | B57: 90 - 120 | C57: 6 | D57: =C57/$C$67 -> 0.058252427 | E57: =E56+D57 -> 0.77669903 | F57: 0.7184466 | G57: =E57-0.001 -> 0.77569903
A58: 5 | B58: 120 - 150 | C58: 4 | D58: =C58/$C$67 -> 0.038834951 | E58: =E57+D58 -> 0.81553398 | F58: 0.77669903 | G58: =E58-0.001 -> 0.81453398
A59: 6 | B59: 150 - 180 | C59: 3 | D59: =C59/$C$67 -> 0.029126214 | E59: =E58+D59 -> 0.84466019 | F59: 0.81553398 | G59: =E59-0.001 -> 0.84366019
A60: 7 | B60: 180 - 210 | C60: 6 | D60: =C60/$C$67 -> 0.058252427 | E60: =E59+D60 -> 0.90291262 | F60: 0.84466019 | G60: =E60-0.001 -> 0.90191262
A61: 8 | B61: 210 - 240 | C61: 2 | D61: =C61/$C$67 -> 0.019417476 | E61: =E60+D61 -> 0.9223301 | F61: 0.90291262 | G61: =E61-0.001 -> 0.9213301
A62: 9 | B62: 240 - 270 | C62: 0 | D62: =C62/$C$67 -> 0 | E62: =E61+D62 -> 0.9223301 | F62: – | G62: –
A63: 10 | B63: 270 - 300 | C63: 1 | D63: =C63/$C$67 -> 0.0097087379 | E63: =E62+D63 -> 0.93203883 | F63: 0.9223301 | G63: =E63-0.001 -> 0.93103883
A64: 11 | B64: 300 - 330 | C64: 5 | D64: =C64/$C$67 -> 0.048543689 | E64: =E63+D64 -> 0.98058252 | F64: 0.93203883 | G64: =E64-0.001 -> 0.97958252
A65: 12 | B65: 330 - 360 | C65: 0 | D65: =C65/$C$67 -> 0 | E65: =E64+D65 -> 0.98058252 | F65: – | G65: –
A66: 13 | B66: 360 - 390 | C66: 2 | D66: =C66/$C$67 -> 0.019417476 | E66: =E65+D66 -> 1 | F66: 0.98058252 | G66: =E66-0.001 -> 0.999
B67: Total | C67: =SUM(C54:C66) -> 103 | D67: =SUM(D54:D66) -> 1
A68: Service Time
A69: Sl.no | B69: Service Time(Sec) | C69: Frequency | D69: Probability | E69: Cumilative Probability | F69: Lower range | G69: Higher range
A70: 1 | B70: 40 - 60 | C70: 6 | D70: =C70/C$78 -> 0.058252427 | E70: 0.058252427 | F70: 0 | G70: =E70-0.001 -> 0.057252427
A71: 2 | B71: 60 - 120 | C71: 44 | D71: =C71/C$78 -> 0.42718447 | E71: =E70+D71 -> 0.48543689 | F71: 0.058252427 | G71: =E71-0.001 -> 0.48443689
A72: 3 | B72: 120 - 180 | C72: 33 | D72: =C72/C$78 -> 0.32038835 | E72: =E71+D72 -> 0.80582524 | F72: 0.48543689 | G72: =E72-0.001 -> 0.80482524
A73: 4 | B73: 180 - 240 | C73: 10 | D73: =C73/C$78 -> 0.097087379 | E73: =E72+D73 -> 0.90291262 | F73: 0.80582524 | G73: =E73-0.001 -> 0.90191262
A74: 5 | B74: 240 - 300 | C74: 3 | D74: =C74/C$78 -> 0.029126214 | E74: =E73+D74 -> 0.93203883 | F74: 0.90291262 | G74: =E74-0.001 -> 0.93103883
A75: 6 | B75: 300 - 360 | C75: 4 | D75: =C75/C$78 -> 0.038834951 | E75: =E74+D75 -> 0.97087379 | F75: 0.93203883 | G75: =E75-0.001 -> 0.96987379
A76: 7 | B76: 360 - 420 | C76: 1 | D76: =C76/C$78 -> 0.0097087379 | E76: =E75+D76 -> 0.98058252 | F76: 0.97087379 | G76: =E76-0.001 -> 0.97958252
A77: 8 | B77: 420 - 480 | C77: 2 | D77: =C77/C$78 -> 0.019417476 | E77: =E76+D77 -> 1 | F77: 0.98058252 | G77: =E77-0.001 -> 0.999
B78: Total | C78: =sum(C70:C77) -> 103 | D78: =sum(D70:D77) -> 1
A79: Mode of Payment
A80: Sl.no | B80: Mode of Payment | C80: Frequency | D80: Probability | E80: Cumilative Probability | F80: Lower range | G80: Higher range
A81: 1 | B81: Online* | C81: 35 | D81: =C81/C$83 -> 0.33980583 | E81: 0.33980583 | F81: 0 | G81: =E81-0.001 -> 0.33880583
A82: 2 | B82: Offline* | C82: 68 | D82: =C82/C$83 -> 0.66019417 | E82: =E81+D82 -> 1 | F82: 0.33980583 | G82: =E82-0.001 -> 0.999
C83: =sum(C81:C82) -> 103 | D83: =sum(D81:D82) -> 1
A84: vehicle Distribution
A85: Sl.no | B85: Vehicle Type | C85: Frequency | D85: Probability | E85: Cumilative Probability | F85: Lower range | G85: Higher range
A86: 1 | B86: Car | C86: 49 | D86: =C86/C$92 -> 0.47572816 | E86: 0.47572816 | F86: 0 | G86: =E86-0.001 -> 0.47472816
A87: 2 | B87: Bike | C87: 29 | D87: =C87/C$92 -> 0.2815534 | E87: =E86+D87 -> 0.75728155 | F87: 0.47572816 | G87: =E87-0.001 -> 0.75628155
A88: 3 | B88: Scooter | C88: 8 | D88: =C88/C$92 -> 0.077669903 | E88: =E87+D88 -> 0.83495146 | F88: 0.75728155 | G88: =E88-0.001 -> 0.83395146
A89: 4 | B89: Auto | C89: 7 | D89: =C89/C$92 -> 0.067961165 | E89: =E88+D89 -> 0.90291262 | F89: 0.83495146 | G89: =E89-0.001 -> 0.90191262
A90: 5 | B90: Carriers* | C90: 8 | D90: =C90/C$92 -> 0.077669903 | E90: =E89+D90 -> 0.98058252 | F90: 0.90291262 | G90: =E90-0.001 -> 0.97958252
A91: 6 | B91: Van* | C91: 2 | D91: =C91/C$92 -> 0.019417476 | E91: =E90+D91 -> 1 | F91: 0.98058252 | G91: =E91-0.001 -> 0.999
B92: Total | C92: =SUM(C86:C91) -> 103 | D92: =SUM(D86:D91) -> 1
A93: Registed City Frequency
A94: Sl.no | B94: Registered City | C94: Frequency | D94: Probability | E94: Cumilative Probability | F94: Lower range | G94: Higher range
A95: 1 | B95: Jammu | C95: 78 | D95: =C95/C$104 -> 0.75728155 | E95: 0.75728155 | F95: 0 | G95: =E95-0.001 -> 0.75628155
A96: 2 | B96: Other State Cities | C96: 7 | D96: =C96/C$104 -> 0.067961165 | E96: =E95+D96 -> 0.82524272 | F96: 0.75728155 | G96: =E96-0.001 -> 0.82424272
A97: 3 | B97: Udhampur | C97: 6 | D97: =C97/C$104 -> 0.058252427 | E97: =E96+D97 -> 0.88349515 | F97: 0.82524272 | G97: =E97-0.001 -> 0.88249515
A98: 4 | B98: Resai | C98: 5 | D98: =C98/C$104 -> 0.048543689 | E98: =E97+D98 -> 0.93203883 | F98: 0.88349515 | G98: =E98-0.001 -> 0.93103883
B99: Lakhanpur | C99: 3 | D99: =C99/C$104 -> 0.029126214 | E99: =E98+D99 -> 0.96116505 | F99: 0.93203883 | G99: =E99-0.001 -> 0.96016505
A100: 5 | B100: Rajouri | C100: 1 | D100: =C100/C$104 -> 0.0097087379 | E100: =E99+D100 -> 0.97087379 | F100: 0.96116505 | G100: =E100-0.001 -> 0.96987379
A101: 6 | B101: Ramban | C101: 1 | D101: =C101/C$104 -> 0.0097087379 | E101: =E100+D101 -> 0.98058252 | F101: 0.97087379 | G101: =E101-0.001 -> 0.97958252
A102: 7 | B102: Samba | C102: 1 | D102: =C102/C$104 -> 0.0097087379 | E102: =E101+D102 -> 0.99029126 | F102: 0.98058252 | G102: =E102-0.001 -> 0.98929126
...

Sheet Simulation
A1: PCT PROJECT — Monte Carlo Simulation (200 Customers)
A2: No. | B2: Inter-Arrival Time | G2: Vehicle Type | I2: Fuel Type | K2: Pump | M2: Service Time | R2: Clock | T2: Pump1 | AA2: Pump 2 | AH2: pump 3 | AO2: pump 4 | AV2: pump5 | BC2: mode of payment | BE2: City of Registration | BG2: No. of Chalans Pending | BI2: Insurance Status
B3: Rand | C3: Range | D3: a | E3: b | F3: Seconds | G3: Rand | H3: Vehicle | I3: Rand | K3: Rand | L3: Pump Number | M3: rand | N3: Range | O3: a | P3: b | Q3: Seconds | R3: Time | S3: time | T3: Status | U3: Waiting Time | V3: waiting | W3: Service Start Time | X3: sst | Y3: Service End Time | Z3: set | AA3: status | AB3: Waiting Time | AC3: waiting | AD3: Service Start Time | AE3: sst | AF3: Service End Time | AG3: set | AH3: status | AI3: Waiting Time | AJ3: waiting | AK3: Service Start Time | AL3: sst | AM3: Service End Time | AN3: set | AO3: status | AP3: Waiting Time | AQ3: waiting | AR3: Service Start Time | AS3: sst | AT3: Service End Time | AU3: set | AV3: status | AW3: Waiting Time | AX3: waiting | AY3: Service Start Time | AZ3: sst | BA3: Service End Time | BB3: set | BC3: Rand | BD3: Payment Mode | BE3: Rand | BF3: City | BG3: Rand | BH3: No. Chalans | BI3: Rand
A4: 1 | B4: 0.38425736 | C4: =ifs(B4<='Range Tables'!$G$54,'Range Tables'!$B$54,B4<='Range Tables'!$G$55,'Range Tables'!$B$55,B4<='Range Tables'!$G$56,'Range Tables'!$B$56,B4<='Range Tables'!$G$57,'Range Tables'!$B$57,B4<='Range Tables'!$G$58,'Range Tables'!$B$58,B4<='Range Tables'!$G$59,'Range Tables'!$B$59,B4<='Range Tables'!$G$60,'Range Tables'!$B$60,B4<='Range Tables'!$G$61,'Range Tables'!$B$61,B4<='Range Tables'!$G$63,'Range Tables'!$B$63,B4<='Range Tables'!$G$64,'Range Tables'!$B$64,B4<='Range Tables'!$G$66,'Range Tables'!$B$66) -> 30 - 60 | D4: =IFERROR(__xludf.DUMMYFUNCTION("SPLIT(C4,""-"")"),30.0) -> 30 | E4: =IFERROR(__xludf.DUMMYFUNCTION("""COMPUTED_VALUE"""),60.0) -> 60 | F4: =D4+B4*(E4-D4) -> 41.527721 | G4: 0.34423349 | H4: =ifs(G4<='Range Tables'!$G$86,'Range Tables'!$B$86,G4<='Range Tables'!$G$87,'Range Tables'!$B$87,G4<='Range Tables'!$G$88,'Range Tables'!$B$88,G4<='Range Tables'!$G$89,'Range Tables'!$B$89,G4<='Range Tables'!$G$90,'Range Tables'!$B$90,G4<='Range Tables'!$G$91,'Range Tables'!$B$91) -> Car | I4: 0.77469372 | J4: =IFS( H4="Car", IF(I4<='Range Tables'!$G$19, 'Range Tables'!$B$19, 'Range Tables'!$B$20), H4="Bike", IF(I4<='Range Tables'!$G$25, 'Range Tables'!$B$25, 'Range Tables'!$B$26), H4="Scooter", IF(I4<='Range Tables'!$G$31, 'Range Tables'!$B$31, 'Range Tables'!$B$32), H4="Auto", IF(I4<='Range Tables'!$G$37, 'Range Tables'!$B$37, 'Range Tables'!$B$38), H4="Carriers*", IF(I4<='Range Tables'!$G$43, 'Range Tables'!$B$43, 'Range Tables'!$B$44), H4="Van*", IF(I4<='Range Tables'!$G$50, 'Range Tables'!$B$50, 'Range Tables'!$B$49) ) -> Petrol | K4: 0.49953312 | L4: =if(J4="Petrol",ifs(K4<='Range Tables'!$G$5,'Range Tables'!$B$5,K4<='Range Tables'!$G$6,'Range Tables'!$B$6,K4<='Range Tables'!$G$7,'Range Tables'!$B$7),ifs(K4<='Range Tables'!$G$13,'Range Tables'!$B$13,K4<='Range Tables'!$G$14,'Range Tables'!$B$14)) -> 2 | M4: 0.42969866 | N4: =ifs(H4="Car",ifs(M4<='Range Tables'!$G$125,'Range Tables'!$B$125,M4<='Range Tables'!$G$126,'Range Tables'!$B$126,M4<='Range Tables'!$G$127,'Range Tables'!$B$127,M4<='Range Tables'!$G$128,'Range Tables'!$B$128,M4<='Range Tables'!$G$129,'Range Tables'!$B$129,'Range Tables'!$G$131,'Range Tables'!$B$131),H4="Bike",ifs(M4<='Range Tables'!$G$136,'Range Tables'!$B$136,M4<='Range Tables'!$G$137,'Range Tables'!$B$137,M4<='Range Tables'!$G$138,'Range Tables'!$B$138,M4<='Range Tables'!$G$142,'Range Tables'!$B$142),H4="Scooter",ifs(M4<='Range Tables'!$G$148,'Range Tables'!$B$148,M4<='Range Tables'!$G$149,'Range Tables'!$B$149,M4<='Range Tables'!$G$150,'Range Tables'!$B$150,M4<='Range Tables'!$G$151,'Range Tables'!$B$151),H4="Auto",ifs(M4<='Range Tables'!$G$161,'Range Tables'!$B$161,M4<='Range Tables'!$G$162,'Range Tables'!$B$162,M4<='Range Tables'!$G$163,'Range Tables'!$B$163,M4<='Range Tables'!$G$164,'Range Tables'!$B$164),H4="Carriers*",ifs(M4<='Range Tables'!$G$173,'Range Tables'!$B$173,M4<='Range Tables'!$G$174,'Range Tables'!$B$174,M4<='Range Tables'!$G$175,'Range Tables'!$B$175,M4<='Range Tables'!$G$176,'Range Tables'!$B$176,M4<='Range Tables'!$G$177,'Range Tables'!$B$177,M4<='Range Tables'!$G$179,'Range Tables'!$B$179),H4="Van*",ifs(M4<='Range Tables'!$G$186,'Range Tables'!$B$186)) -> 60 - 120 | O4: =IFERROR(__xludf.DUMMYFUNCTION("SPLIT(N4,""-"")"),60.0) -> 60 | P4: =IFERROR(__xludf.DUMMYFUNCTION("""COMPUTED_VALUE"""),120.0) -> 120 | Q4: =O4+M4*(P4-O4) -> 85.78192 | R4: =S4/86400 -> 0 | S4: 0 | T4: =if(L4=1,"yes","no") -> no | U4: =V4/86400 -> 0 | V4: 0 | W4: =X4/86400 -> 0 | X4: =if(T4="yes",S4+V4,0) -> 0 | Y4: =Z4/86400 -> 0 | Z4: =if(T4="yes",Q4+X4,0) -> 0 | AA4: =IF(L4=2,"yes","no") -> yes | AB4: =AC4/86400 -> 0 | AC4: 0 | AD4: =AE4/86400 -> 0 | AE4: =if(AA4="yes",S4+AC4,0) -> 0 | AF4: =AG4/86400 -> 0.00099284629 | AG4: =if(AA4="yes",Q4+AE4,0) -> 85.78192 | AH4: =IF(L4=3,"yes","no") -> no | AI4: =AJ4/86400 -> 0 | AJ4: 0 | AK4: =AL4/86400 -> 0 | AL4: =if(AH4="yes",AJ4+S4,0) -> 0 | AM4: =AN4/86400 -> 0 | AN4: =if(AH4="yes",AL4+Q4,0) -> 0 | AO4: =if(L4=4,"yes","no") -> no | AP4: =AQ4/86400 -> 0 | AQ4: 0 | AR4: =AS4/86400 -> 0 | AS4: =if(AO4="yes",AQ4+S4,0) -> 0 | AT4: =AU4/86400 -> 0 | AU4: =if(AO4="yes",AS4+Q4,0) -> 0 | AV4: =if(L4=5,"yes","no") -> no | AW4: =AX4/86400 -> 0 | AX4: 0 | AY4: =AZ4/86400 -> 0 | AZ4: =if(AV4="yes",AX4+S4,0) -> 0 | BA4: =BB4/86400 -> 0 | BB4: =if(AV4="yes",AZ4+Q4,0) -> 0 | BC4: 0.32331865 | BD4: =ifs(BC4<='Range Tables'!$G$81,'Range Tables'!$B$81,BC4<='Range Tables'!$G$82,'Range Tables'!$B$82) -> Online* | BE4: 0.56940469 | BF4: =ifs(BE4<='Range Tables'!$G$95,'Range Tables'!$B$95,BE4<='Range Tables'!$G$96,'Range Tables'!$B$96,BE4<='Range Tables'!$G$97,'Range Tables'!$B$97,BE4<='Range Tables'!$G$98,'Range Tables'!$B$98,BE4<='Range Tables'!$G$99,'Range Tables'!$B$99,BE4<='Range Tables'!$G$100,'Range Tables'!$B$100,BE4<='Range Tables'!$G$101,'Range Tables'!$B$101,BE4<='Range Tables'!$G$102,'Range Tables'!$B$102,BE4<='Range Tables'!$G$103,'Range Tables'!$B$103) -> Jammu | BG4: 0.31017479 | BH4: =ifs(BG4<='Range Tables'!$G$112,'Range Tables'!$B$112,BG4<='Range Tables'!$G$113,'Range Tables'!$B$113,BG4<='Range Tables'!$G$114,'Range Tables'!$B$114) -> 0 | BI4: 0.79338008 | BJ4: =ifs(BI4<='Range Tables'!$G$118,'Range Tables'!$B$118,BI4<='Range Tables'!$G$119,'Range Tables'!$B$119) -> Expired
A5: 2 | B5: 0.58111903 | C5: =ifs(B5<='Range Tables'!$G$54,'Range Tables'!$B$54,B5<='Range Tables'!$G$55,'Range Tables'!$B$55,B5<='Range Tables'!$G$56,'Range Tables'!$B$56,B5<='Range Tables'!$G$57,'Range Tables'!$B$57,B5<='Range Tables'!$G$58,'Range Tables'!$B$58,B5<='Range Tables'!$G$59,'Range Tables'!$B$59,B5<='Range Tables'!$G$60,'Range Tables'!$B$60,B5<='Range Tables'!$G$61,'Range Tables'!$B$61,B5<='Range Tables'!$G$63,'Range Tables'!$B$63,B5<='Range Tables'!$G$64,'Range Tables'!$B$64,B5<='Range Tables'!$G$66,'Range Tables'!$B$66) -> 60 - 90 | D5: =IFERROR(__xludf.DUMMYFUNCTION("SPLIT(C5,""-"")"),60.0) -> 60 | E5: =IFERROR(__xludf.DUMMYFUNCTION("""COMPUTED_VALUE"""),90.0) -> 90 | F5: =D5+B5*(E5-D5) -> 77.433571 | G5: 0.17213583 | H5: =ifs(G5<='Range Tables'!$G$86,'Range Tables'!$B$86,G5<='Range Tables'!$G$87,'Range Tables'!$B$87,G5<='Range Tables'!$G$88,'Range Tables'!$B$88,G5<='Range Tables'!$G$89,'Range Tables'!$B$89,G5<='Range Tables'!$G$90,'Range Tables'!$B$90,G5<='Range Tables'!$G$91,'Range Tables'!$B$91) -> Car | I5: 0.055465392 | J5: =IFS( H5="Car", IF(I5<='Range Tables'!$G$19, 'Range Tables'!$B$19, 'Range Tables'!$B$20), H5="Bike", IF(I5<='Range Tables'!$G$25, 'Range Tables'!$B$25, 'Range Tables'!$B$26), H5="Scooter", IF(I5<='Range Tables'!$G$31, 'Range Tables'!$B$31, 'Range Tables'!$B$32), H5="Auto", IF(I5<='Range Tables'!$G$37, 'Range Tables'!$B$37, 'Range Tables'!$B$38), H5="Carriers*", IF(I5<='Range Tables'!$G$43, 'Range Tables'!$B$43, 'Range Tables'!$B$44), H5="Van*", IF(I5<='Range Tables'!$G$50, 'Range Tables'!$B$50, 'Range Tables'!$B$49) ) -> Petrol | K5: 0.19690499 | L5: =if(J5="Petrol",ifs(K5<='Range Tables'!$G$5,'Range Tables'!$B$5,K5<='Range Tables'!$G$6,'Range Tables'!$B$6,K5<='Range Tables'!$G$7,'Range Tables'!$B$7),ifs(K5<='Range Tables'!$G$13,'Range Tables'!$B$13,K5<='Range Tables'!$G$14,'Range Tables'!$B$14)) -> 2 | M5: 0.65003702 | N5: =ifs(H5="Car",ifs(M5<='Range Tables'!$G$125,'Range Tables'!$B$125,M5<='Range Tables'!$G$126,'Range Tables'!$B$126,M5<='Range Tables'!$G$127,'Range Tables'!$B$127,M5<='Range Tables'!$G$128,'Range Tables'!$B$128,M5<='Range Tables'!$G$129,'Range Tables'!$B$129,'Range Tables'!$G$131,'Range Tables'!$B$131),H5="Bike",ifs(M5<='Range Tables'!$G$136,'Range Tables'!$B$136,M5<='Range Tables'!$G$137,'Range Tables'!$B$137,M5<='Range Tables'!$G$138,'Range Tables'!$B$138,M5<='Range Tables'!$G$142,'Range Tables'!$B$142),H5="Scooter",ifs(M5<='Range Tables'!$G$148,'Range Tables'!$B$148,M5<='Range Tables'!$G$149,'Range Tables'!$B$149,M5<='Range Tables'!$G$150,'Range Tables'!$B$150,M5<='Range Tables'!$G$151,'Range Tables'!$B$151),H5="Auto",ifs(M5<='Range Tables'!$G$161,'Range Tables'!$B$161,M5<='Range Tables'!$G$162,'Range Tables'!$B$162,M5<='Range Tables'!$G$163,'Range Tables'!$B$163,M5<='Range Tables'!$G$164,'Range Tables'!$B$164),H5="Carriers*",ifs(M5<='Range Tables'!$G$173,'Range Tables'!$B$173,M5<='Range Tables'!$G$174,'Range Tables'!$B$174,M5<='Range Tables'!$G$175,'Range Tables'!$B$175,M5<='Range Tables'!$G$176,'Range Tables'!$B$176,M5<='Range Tables'!$G$177,'Range Tables'!$B$177,M5<='Range Tables'!$G$179,'Range Tables'!$B$179),H5="Van*",ifs(M5<='Range Tables'!$G$186,'Range Tables'!$B$186)) -> 120 - 180 | O5: =IFERROR(__xludf.DUMMYFUNCTION("SPLIT(N5,""-"")"),120.0) -> 120 | P5: =IFERROR(__xludf.DUMMYFUNCTION("""COMPUTED_VALUE"""),180.0) -> 180 | Q5: =O5+M5*(P5-O5) -> 159.00222 | R5: =S5/86400 -> 0.00048064492 | S5: 41.527721 | T5: =if(L5=1,"yes","no") -> no | U5: =V5/86400 -> 0 | V5: =if(T5="yes", if(Z4>S5,Z4-S5,0),0) -> 0 | W5: =X5/86400 -> 0 | X5: =if(T5="yes",S5+V5,0) -> 0 | Y5: =Z5/86400 -> 0 | Z5: =if(T5="yes",Q5+X5,0) -> 0 | AA5: =IF(L5=2,"yes","no") -> yes | AB5: =AC5/86400 -> 0.00051220138 | AC5: =if(AA5="yes", if(AG4>S5,AG4-S5,0),0) -> 44.254199 | AD5: =AE5/86400 -> 0.00099284629 | AE5: =if(AA5="yes",S5+AC5,0) -> 85.78192 | AF5: =AG5/86400 -> 0.0028331498 | AG5: =if(AA5="yes",Q5+AE5,0) -> 244.78414 | AH5: =IF(L5=3,"yes","no") -> no | AI5: =AJ5/86400 -> 0 | AJ5: =if(AH5="yes", if(AN4>S5,AN4-S5,0),0) -> 0 | AK5: =AL5/86400 -> 0 | AL5: =if(AH5="yes",AJ5+S5,0) -> 0 | AM5: =AN5/86400 -> 0 | AN5: =if(AH5="yes",AL5+Q5,0) -> 0 | AO5: =if(L5=4,"yes","no") -> no | AP5: =AQ5/86400 -> 0 | AQ5: =if(AO5="yes",if(AU4>S5,AU4-S5,0),0) -> 0 | AR5: =AS5/86400 -> 0 | AS5: =if(AO5="yes",AQ5+S5,0) -> 0 | AT5: =AU5/86400 -> 0 | AU5: =if(AO5="yes",AS5+Q5,0) -> 0 | AV5: =if(L5=5,"yes","no") -> no | AW5: =AX5/86400 -> 0 | AX5: =if(AV5="yes",if(BB4>S5,BB5-S5,0),0) -> 0 | AY5: =AZ5/86400 -> 0 | AZ5: =if(AV5="yes",AX5+S5,0) -> 0 | BA5: =BB5/86400 -> 0 | BB5: =if(AV5="yes",AZ5+Q5,0) -> 0 | BC5: 0.41881958 | BD5: =ifs(BC5<='Range Tables'!$G$81,'Range Tables'!$B$81,BC5<='Range Tables'!$G$82,'Range Tables'!$B$82) -> Offline* | BE5: 0.81587617 | BF5: =ifs(BE5<='Range Tables'!$G$95,'Range Tables'!$B$95,BE5<='Range Tables'!$G$96,'Range Tables'!$B$96,BE5<='Range Tables'!$G$97,'Range Tables'!$B$97,BE5<='Range Tables'!$G$98,'Range Tables'!$B$98,BE5<='Range Tables'!$G$99,'Range Tables'!$B$99,BE5<='Range Tables'!$G$100,'Range Tables'!$B$100,BE5<='Range Tables'!$G$101,'Range Tables'!$B$101,BE5<='Range Tables'!$G$102,'Range Tables'!$B$102,BE5<='Range Tables'!$G$103,'Range Tables'!$B$103) -> Other State Cities | BG5: 0.48245089 | BH5: =ifs(BG5<='Range Tables'!$G$112,'Range Tables'!$B$112,BG5<='Range Tables'!$G$113,'Range Tables'!$B$113,BG5<='Range Tables'!$G$114,'Range Tables'!$B$114) -> 0 | BI5: 0.584073 | BJ5: =ifs(BI5<='Range Tables'!$G$118,'Range Tables'!$B$118,BI5<='Range Tables'!$G$119,'Range Tables'!$B$119) -> Valid
A6: 3 | B6: 0.6054966 | C6: =ifs(B6<='Range Tables'!$G$54,'Range Tables'!$B$54,B6<='Range Tables'!$G$55,'Range Tables'!$B$55,B6<='Range Tables'!$G$56,'Range Tables'!$B$56,B6<='Range Tables'!$G$57,'Range Tables'!$B$57,B6<='Range Tables'!$G$58,'Range Tables'!$B$58,B6<='Range Tables'!$G$59,'Range Tables'!$B$59,B6<='Range Tables'!$G$60,'Range Tables'!$B$60,B6<='Range Tables'!$G$61,'Range Tables'!$B$61,B6<='Range Tables'!$G$63,'Range Tables'!$B$63,B6<='Range Tables'!$G$64,'Range Tables'!$B$64,B6<='Range Tables'!$G$66,'Range Tables'!$B$66) -> 60 - 90 | D6: =IFERROR(__xludf.DUMMYFUNCTION("SPLIT(C6,""-"")"),60.0) -> 60 | E6: =IFERROR(__xludf.DUMMYFUNCTION("""COMPUTED_VALUE"""),90.0) -> 90 | F6: =D6+B6*(E6-D6) -> 78.164898 | G6: 0.70943318 | H6: =ifs(G6<='Range Tables'!$G$86,'Range Tables'!$B$86,G6<='Range Tables'!$G$87,'Range Tables'!$B$87,G6<='Range Tables'!$G$88,'Range Tables'!$B$88,G6<='Range Tables'!$G$89,'Range Tables'!$B$89,G6<='Range Tables'!$G$90,'Range Tables'!$B$90,G6<='Range Tables'!$G$91,'Range Tables'!$B$91) -> Bike | I6: 0.62671009 | J6: =IFS( H6="Car", IF(I6<='Range Tables'!$G$19, 'Range Tables'!$B$19, 'Range Tables'!$B$20), H6="Bike", IF(I6<='Range Tables'!$G$25, 'Range Tables'!$B$25, 'Range Tables'!$B$26), H6="Scooter", IF(I6<='Range Tables'!$G$31, 'Range Tables'!$B$31, 'Range Tables'!$B$32), H6="Auto", IF(I6<='Range Tables'!$G$37, 'Range Tables'!$B$37, 'Range Tables'!$B$38), H6="Carriers*", IF(I6<='Range Tables'!$G$43, 'Range Tables'!$B$43, 'Range Tables'!$B$44), H6="Van*", IF(I6<='Range Tables'!$G$50, 'Range Tables'!$B$50, 'Range Tables'!$B$49) ) -> Petrol | K6: 0.68184196 | L6: =if(J6="Petrol",ifs(K6<='Range Tables'!$G$5,'Range Tables'!$B$5,K6<='Range Tables'!$G$6,'Range Tables'!$B$6,K6<='Range Tables'!$G$7,'Range Tables'!$B$7),ifs(K6<='Range Tables'!$G$13,'Range Tables'!$B$13,K6<='Range Tables'!$G$14,'Range Tables'!$B$14)) -> 3 | M6: 0.50719158 | N6: =ifs(H6="Car",ifs(M6<='Range Tables'!$G$125,'Range Tables'!$B$125,M6<='Range Tables'!$G$126,'Range Tables'!$B$126,M6<='Range Tables'!$G$127,'Range Tables'!$B$127,M6<='Range Tables'!$G$128,'Range Tables'!$B$128,M6<='Range Tables'!$G$129,'Range Tables'!$B$129,'Range Tables'!$G$131,'Range Tables'!$B$131),H6="Bike",ifs(M6<='Range Tables'!$G$136,'Range Tables'!$B$136,M6<='Range Tables'!$G$137,'Range Tables'!$B$137,M6<='Range Tables'!$G$138,'Range Tables'!$B$138,M6<='Range Tables'!$G$142,'Range Tables'!$B$142),H6="Scooter",ifs(M6<='Range Tables'!$G$148,'Range Tables'!$B$148,M6<='Range Tables'!$G$149,'Range Tables'!$B$149,M6<='Range Tables'!$G$150,'Range Tables'!$B$150,M6<='Range Tables'!$G$151,'Range Tables'!$B$151),H6="Auto",ifs(M6<='Range Tables'!$G$161,'Range Tables'!$B$161,M6<='Range Tables'!$G$162,'Range Tables'!$B$162,M6<='Range Tables'!$G$163,'Range Tables'!$B$163,M6<='Range Tables'!$G$164,'Range Tables'!$B$164),H6="Carriers*",ifs(M6<='Range Tables'!$G$173,'Range Tables'!$B$173,M6<='Range Tables'!$G$174,'Range Tables'!$B$174,M6<='Range Tables'!$G$175,'Range Tables'!$B$175,M6<='Range Tables'!$G$176,'Range Tables'!$B$176,M6<='Range Tables'!$G$177,'Range Tables'!$B$177,M6<='Range Tables'!$G$179,'Range Tables'!$B$179),H6="Van*",ifs(M6<='Range Tables'!$G$186,'Range Tables'!$B$186)) -> 60 - 120 | O6: =IFERROR(__xludf.DUMMYFUNCTION("SPLIT(N6,""-"")"),60.0) -> 60 | P6: =IFERROR(__xludf.DUMMYFUNCTION("""COMPUTED_VALUE"""),120.0) -> 120 | Q6: =O6+M6*(P6-O6) -> 90.431495 | R6: =S6/86400 -> 0.0013768668 | S6: =S5+F5 -> 118.96129 | T6: =if(L6=1,"yes","no") -> no | U6: =V6/86400 -> 0 | V6: =if(T6="yes", if(Z5>S6,Z5-S6,0),0) -> 0 | W6: =X6/86400 -> 0 | X6: =if(T6="yes",S6+V6,0) -> 0 | Y6: =Z6/86400 -> 0 | Z6: =if(T6="yes",Q6+X6,0) -> 0 | AA6: =IF(L6=2,"yes","no") -> no | AB6: =AC6/86400 -> 0 | AC6: =if(AA6="yes", if(AG5>S6,AG5-S6,0),0) -> 0 | AD6: =AE6/86400 -> 0 | AE6: =if(AA6="yes",S6+AC6,0) -> 0 | AF6: =AG6/86400 -> 0 | AG6: =if(AA6="yes",Q6+AE6,0) -> 0 | AH6: =IF(L6=3,"yes","no") -> yes | AI6: =AJ6/86400 -> 0 | AJ6: =if(AH6="yes", if(AN5>S6,AN5-S6,0),0) -> 0 | AK6: =AL6/86400 -> 0.0013768668 | AL6: =if(AH6="yes",AJ6+S6,0) -> 118.96129 | AM6: =AN6/86400 -> 0.0024235276 | AN6: =if(AH6="yes",AL6+Q6,0) -> 209.39279 | AO6: =if(L6=4,"yes","no") -> no | AP6: =AQ6/86400 -> 0 | AQ6: =if(AO6="yes",if(AU5>S6,AU5-S6,0),0) -> 0 | AR6: =AS6/86400 -> 0 | AS6: =if(AO6="yes",AQ6+S6,0) -> 0 | AT6: =AU6/86400 -> 0 | AU6: =if(AO6="yes",AS6+Q6,0) -> 0 | AV6: =if(L6=5,"yes","no") -> no | AW6: =AX6/86400 -> 0 | AX6: =if(AV6="yes",if(BB5>S6,BB6-S6,0),0) -> 0 | AY6: =AZ6/86400 -> 0 | AZ6: =if(AV6="yes",AX6+S6,0) -> 0 | BA6: =BB6/86400 -> 0 | BB6: =if(AV6="yes",AZ6+Q6,0) -> 0 | BC6: 0.34233892 | BD6: =ifs(BC6<='Range Tables'!$G$81,'Range Tables'!$B$81,BC6<='Range Tables'!$G$82,'Range Tables'!$B$82) -> Offline* | BE6: 0.30403297 | BF6: =ifs(BE6<='Range Tables'!$G$95,'Range Tables'!$B$95,BE6<='Range Tables'!$G$96,'Range Tables'!$B$96,BE6<='Range Tables'!$G$97,'Range Tables'!$B$97,BE6<='Range Tables'!$G$98,'Range Tables'!$B$98,BE6<='Range Tables'!$G$99,'Range Tables'!$B$99,BE6<='Range Tables'!$G$100,'Range Tables'!$B$100,BE6<='Range Tables'!$G$101,'Range Tables'!$B$101,BE6<='Range Tables'!$G$102,'Range Tables'!$B$102,BE6<='Range Tables'!$G$103,'Range Tables'!$B$103) -> Jammu | BG6: 0.11006866 | BH6: =ifs(BG6<='Range Tables'!$G$112,'Range Tables'!$B$112,BG6<='Range Tables'!$G$113,'Range Tables'!$B$113,BG6<='Range Tables'!$G$114,'Range Tables'!$B$114) -> 0 | BI6: 0.15589318 | BJ6: =ifs(BI6<='Range Tables'!$G$118,'Range Tables'!$B$118,BI6<='Range Tables'!$G$119,'Range Tables'!$B$119) -> Valid
A7: 4 | B7: 0.34740542 | C7: =ifs(B7<='Range Tables'!$G$54,'Range Tables'!$B$54,B7<='Range Tables'!$G$55,'Range Tables'!$B$55,B7<='Range Tables'!$G$56,'Range Tables'!$B$56,B7<='Range Tables'!$G$57,'Range Tables'!$B$57,B7<='Range Tables'!$G$58,'Range Tables'!$B$58,B7<='Range Tables'!$G$59,'Range Tables'!$B$59,B7<='Range Tables'!$G$60,'Range Tables'!$B$60,B7<='Range Tables'!$G$61,'Range Tables'!$B$61,B7<='Range Tables'!$G$63,'Range Tables'!$B$63,B7<='Range Tables'!$G$64,'Range Tables'!$B$64,B7<='Range Tables'!$G$66,'Range Tables'!$B$66) -> 30 - 60 | D7: =IFERROR(__xludf.DUMMYFUNCTION("SPLIT(C7,""-"")"),30.0) -> 30 | E7: =IFERROR(__xludf.DUMMYFUNCTION("""COMPUTED_VALUE"""),60.0) -> 60 | F7: =D7+B7*(E7-D7) -> 40.422163 | G7: 0.23484036 | H7: =ifs(G7<='Range Tables'!$G$86,'Range Tables'!$B$86,G7<='Range Tables'!$G$87,'Range Tables'!$B$87,G7<='Range Tables'!$G$88,'Range Tables'!$B$88,G7<='Range Tables'!$G$89,'Range Tables'!$B$89,G7<='Range Tables'!$G$90,'Range Tables'!$B$90,G7<='Range Tables'!$G$91,'Range Tables'!$B$91) -> Car | I7: 0.19599199 | J7: =IFS( H7="Car", IF(I7<='Range Tables'!$G$19, 'Range Tables'!$B$19, 'Range Tables'!$B$20), H7="Bike", IF(I7<='Range Tables'!$G$25, 'Range Tables'!$B$25, 'Range Tables'!$B$26), H7="Scooter", IF(I7<='Range Tables'!$G$31, 'Range Tables'!$B$31, 'Range Tables'!$B$32), H7="Auto", IF(I7<='Range Tables'!$G$37, 'Range Tables'!$B$37, 'Range Tables'!$B$38), H7="Carriers*", IF(I7<='Range Tables'!$G$43, 'Range Tables'!$B$43, 'Range Tables'!$B$44), H7="Van*", IF(I7<='Range Tables'!$G$50, 'Range Tables'!$B$50, 'Range Tables'!$B$49) ) -> Petrol | K7: 0.93680816 | L7: =if(J7="Petrol",ifs(K7<='Range Tables'!$G$5,'Range Tables'!$B$5,K7<='Range Tables'!$G$6,'Range Tables'!$B$6,K7<='Range Tables'!$G$7,'Range Tables'!$B$7),ifs(K7<='Range Tables'!$G$13,'Range Tables'!$B$13,K7<='Range Tables'!$G$14,'Range Tables'!$B$14)) -> 4 | M7: 0.060386743 | N7: =ifs(H7="Car",ifs(M7<='Range Tables'!$G$125,'Range Tables'!$B$125,M7<='Range Tables'!$G$126,'Range Tables'!$B$126,M7<='Range Tables'!$G$127,'Range Tables'!$B$127,M7<='Range Tables'!$G$128,'Range Tables'!$B$128,M7<='Range Tables'!$G$129,'Range Tables'!$B$129,'Range Tables'!$G$131,'Range Tables'!$B$131),H7="Bike",ifs(M7<='Range Tables'!$G$136,'Range Tables'!$B$136,M7<='Range Tables'!$G$137,'Range Tables'!$B$137,M7<='Range Tables'!$G$138,'Range Tables'!$B$138,M7<='Range Tables'!$G$142,'Range Tables'!$B$142),H7="Scooter",ifs(M7<='Range Tables'!$G$148,'Range Tables'!$B$148,M7<='Range Tables'!$G$149,'Range Tables'!$B$149,M7<='Range Tables'!$G$150,'Range Tables'!$B$150,M7<='Range Tables'!$G$151,'Range Tables'!$B$151),H7="Auto",ifs(M7<='Range Tables'!$G$161,'Range Tables'!$B$161,M7<='Range Tables'!$G$162,'Range Tables'!$B$162,M7<='Range Tables'!$G$163,'Range Tables'!$B$163,M7<='Range Tables'!$G$164,'Range Tables'!$B$164),H7="Carriers*",ifs(M7<='Range Tables'!$G$173,'Range Tables'!$B$173,M7<='Range Tables'!$G$174,'Range Tables'!$B$174,M7<='Range Tables'!$G$175,'Range Tables'!$B$175,M7<='Range Tables'!$G$176,'Range Tables'!$B$176,M7<='Range Tables'!$G$177,'Range Tables'!$B$177,M7<='Range Tables'!$G$179,'Range Tables'!$B$179),H7="Van*",ifs(M7<='Range Tables'!$G$186,'Range Tables'!$B$186)) -> 60 - 120 | O7: =IFERROR(__xludf.DUMMYFUNCTION("SPLIT(N7,""-"")"),60.0) -> 60 | P7: =IFERROR(__xludf.DUMMYFUNCTION("""COMPUTED_VALUE"""),120.0) -> 120 | Q7: =O7+M7*(P7-O7) -> 63.623205 | R7: =S7/86400 -> 0.0022815531 | S7: =S6+F6 -> 197.12619 | T7: =if(L7=1,"yes","no") -> no | U7: =V7/86400 -> 0 | V7: =if(T7="yes", if(Z6>S7,Z6-S7,0),0) -> 0 | W7: =X7/86400 -> 0 | X7: =if(T7="yes",S7+V7,0) -> 0 | Y7: =Z7/86400 -> 0 | Z7: =if(T7="yes",Q7+X7,0) -> 0 | AA7: =IF(L7=2,"yes","no") -> no | AB7: =AC7/86400 -> 0 | AC7: =if(AA7="yes", if(AG6>S7,AG6-S7,0),0) -> 0 | AD7: =AE7/86400 -> 0 | AE7: =if(AA7="yes",S7+AC7,0) -> 0 | AF7: =AG7/86400 -> 0 | AG7: =if(AA7="yes",Q7+AE7,0) -> 0 | AH7: =IF(L7=3,"yes","no") -> no | AI7: =AJ7/86400 -> 0 | AJ7: =if(AH7="yes", if(AN6>S7,AN6-S7,0),0) -> 0 | AK7: =AL7/86400 -> 0 | AL7: =if(AH7="yes",AJ7+S7,0) -> 0 | AM7: =AN7/86400 -> 0 | AN7: =if(AH7="yes",AL7+Q7,0) -> 0 | AO7: =if(L7=4,"yes","no") -> yes | AP7: =AQ7/86400 -> 0 | AQ7: =if(AO7="yes",if(AU6>S7,AU6-S7,0),0) -> 0 | AR7: =AS7/86400 -> 0.0022815531 | AS7: =if(AO7="yes",AQ7+S7,0) -> 197.12619 | AT7: =AU7/86400 -> 0.0030179328 | AU7: =if(AO7="yes",AS7+Q7,0) -> 260.74939 | AV7: =if(L7=5,"yes","no") -> no | AW7: =AX7/86400 -> 0 | AX7: =if(AV7="yes",if(BB6>S7,BB7-S7,0),0) -> 0 | AY7: =AZ7/86400 -> 0 | AZ7: =if(AV7="yes",AX7+S7,0) -> 0 | BA7: =BB7/86400 -> 0 | BB7: =if(AV7="yes",AZ7+Q7,0) -> 0 | BC7: 0.31093015 | BD7: =ifs(BC7<='Range Tables'!$G$81,'Range Tables'!$B$81,BC7<='Range Tables'!$G$82,'Range Tables'!$B$82) -> Online* | BE7: 0.1722442 | BF7: =ifs(BE7<='Range Tables'!$G$95,'Range Tables'!$B$95,BE7<='Range Tables'!$G$96,'Range Tables'!$B$96,BE7<='Range Tables'!$G$97,'Range Tables'!$B$97,BE7<='Range Tables'!$G$98,'Range Tables'!$B$98,BE7<='Range Tables'!$G$99,'Range Tables'!$B$99,BE7<='Range Tables'!$G$100,'Range Tables'!$B$100,BE7<='Range Tables'!$G$101,'Range Tables'!$B$101,BE7<='Range Tables'!$G$102,'Range Tables'!$B$102,BE7<='Range Tables'!$G$103,'Range Tables'!$B$103) -> Jammu | BG7: 0.034616835 | BH7: =ifs(BG7<='Range Tables'!$G$112,'Range Tables'!$B$112,BG7<='Range Tables'!$G$113,'Range Tables'!$B$113,BG7<='Range Tables'!$G$114,'Range Tables'!$B$114) -> 0 | BI7: 0.0081590781 | BJ7: =ifs(BI7<='Range Tables'!$G$118,'Range Tables'!$B$118,BI7<='Range Tables'!$G$119,'Range Tables'!$B$119) -> Valid
A8: 5 | B8: 0.62417943 | C8: =ifs(B8<='Range Tables'!$G$54,'Range Tables'!$B$54,B8<='Range Tables'!$G$55,'Range Tables'!$B$55,B8<='Range Tables'!$G$56,'Range Tables'!$B$56,B8<='Range Tables'!$G$57,'Range Tables'!$B$57,B8<='Range Tables'!$G$58,'Range Tables'!$B$58,B8<='Range Tables'!$G$59,'Range Tables'!$B$59,B8<='Range Tables'!$G$60,'Range Tables'!$B$60,B8<='Range Tables'!$G$61,'Range Tables'!$B$61,B8<='Range Tables'!$G$63,'Range Tables'!$B$63,B8<='Range Tables'!$G$64,'Range Tables'!$B$64,B8<='Range Tables'!$G$66,'Range Tables'!$B$66) -> 60 - 90 | D8: =IFERROR(__xludf.DUMMYFUNCTION("SPLIT(C8,""-"")"),60.0) -> 60 | E8: =IFERROR(__xludf.DUMMYFUNCTION("""COMPUTED_VALUE"""),90.0) -> 90 | F8: =D8+B8*(E8-D8) -> 78.725383 | G8: 0.71456291 | H8: =ifs(G8<='Range Tables'!$G$86,'Range Tables'!$B$86,G8<='Range Tables'!$G$87,'Range Tables'!$B$87,G8<='Range Tables'!$G$88,'Range Tables'!$B$88,G8<='Range Tables'!$G$89,'Range Tables'!$B$89,G8<='Range Tables'!$G$90,'Range Tables'!$B$90,G8<='Range Tables'!$G$91,'Range Tables'!$B$91) -> Bike | I8: 0.68003994 | J8: =IFS( H8="Car", IF(I8<='Range Tables'!$G$19, 'Range Tables'!$B$19, 'Range Tables'!$B$20), H8="Bike", IF(I8<='Range Tables'!$G$25, 'Range Tables'!$B$25, 'Range Tables'!$B$26), H8="Scooter", IF(I8<='Range Tables'!$G$31, 'Range Tables'!$B$31, 'Range Tables'!$B$32), H8="Auto", IF(I8<='Range Tables'!$G$37, 'Range Tables'!$B$37, 'Range Tables'!$B$38), H8="Carriers*", IF(I8<='Range Tables'!$G$43, 'Range Tables'!$B$43, 'Range Tables'!$B$44), H8="Van*", IF(I8<='Range Tables'!$G$50, 'Range Tables'!$B$50, 'Range Tables'!$B$49) ) -> Petrol | K8: 0.21805999 | L8: =if(J8="Petrol",ifs(K8<='Range Tables'!$G$5,'Range Tables'!$B$5,K8<='Range Tables'!$G$6,'Range Tables'!$B$6,K8<='Range Tables'!$G$7,'Range Tables'!$B$7),ifs(K8<='Range Tables'!$G$13,'Range Tables'!$B$13,K8<='Range Tables'!$G$14,'Range Tables'!$B$14)) -> 2 | M8: 0.91560823 | N8: =ifs(H8="Car",ifs(M8<='Range Tables'!$G$125,'Range Tables'!$B$125,M8<='Range Tables'!$G$126,'Range Tables'!$B$126,M8<='Range Tables'!$G$127,'Range Tables'!$B$127,M8<='Range Tables'!$G$128,'Range Tables'!$B$128,M8<='Range Tables'!$G$129,'Range Tables'!$B$129,'Range Tables'!$G$131,'Range Tables'!$B$131),H8="Bike",ifs(M8<='Range Tables'!$G$136,'Range Tables'!$B$136,M8<='Range Tables'!$G$137,'Range Tables'!$B$137,M8<='Range Tables'!$G$138,'Range Tables'!$B$138,M8<='Range Tables'!$G$142,'Range Tables'!$B$142),H8="Scooter",ifs(M8<='Range Tables'!$G$148,'Range Tables'!$B$148,M8<='Range Tables'!$G$149,'Range Tables'!$B$149,M8<='Range Tables'!$G$150,'Range Tables'!$B$150,M8<='Range Tables'!$G$151,'Range Tables'!$B$151),H8="Auto",ifs(M8<='Range Tables'!$G$161,'Range Tables'!$B$161,M8<='Range Tables'!$G$162,'Range Tables'!$B$162,M8<='Range Tables'!$G$163,'Range Tables'!$B$163,M8<='Range Tables'!$G$164,'Range Tables'!$B$164),H8="Carriers*",ifs(M8<='Range Tables'!$G$173,'Range Tables'!$B$173,M8<='Range Tables'!$G$174,'Range Tables'!$B$174,M8<='Range Tables'!$G$175,'Range Tables'!$B$175,M8<='Range Tables'!$G$176,'Range Tables'!$B$176,M8<='Range Tables'!$G$177,'Range Tables'!$B$177,M8<='Range Tables'!$G$179,'Range Tables'!$B$179),H8="Van*",ifs(M8<='Range Tables'!$G$186,'Range Tables'!$B$186)) -> 120 - 180 | O8: =IFERROR(__xludf.DUMMYFUNCTION("SPLIT(N8,""-"")"),120.0) -> 120 | P8: =IFERROR(__xludf.DUMMYFUNCTION("""COMPUTED_VALUE"""),180.0) -> 180 | Q8: =O8+M8*(P8-O8) -> 174.93649 | R8: =S8/86400 -> 0.0027494022 | S8: =S7+F7 -> 237.54835 | T8: =if(L8=1,"yes","no") -> no | U8: =V8/86400 -> 0 | V8: =if(T8="yes", if(Z7>S8,Z7-S8,0),0) -> 0 | W8: =X8/86400 -> 0 | X8: =if(T8="yes",S8+V8,0) -> 0 | Y8: =Z8/86400 -> 0 | Z8: =if(T8="yes",Q8+X8,0) -> 0 | AA8: =IF(L8=2,"yes","no") -> yes | AB8: =AC8/86400 -> 0 | AC8: =if(AA8="yes", if(AG7>S8,AG7-S8,0),0) -> 0 | AD8: =AE8/86400 -> 0.0027494022 | AE8: =if(AA8="yes",S8+AC8,0) -> 237.54835 | AF8: =AG8/86400 -> 0.0047741302 | AG8: =if(AA8="yes",Q8+AE8,0) -> 412.48485 | AH8: =IF(L8=3,"yes","no") -> no | AI8: =AJ8/86400 -> 0 | AJ8: =if(AH8="yes", if(AN7>S8,AN7-S8,0),0) -> 0 | AK8: =AL8/86400 -> 0 | AL8: =if(AH8="yes",AJ8+S8,0) -> 0 | AM8: =AN8/86400 -> 0 | AN8: =if(AH8="yes",AL8+Q8,0) -> 0 | AO8: =if(L8=4,"yes","no") -> no | AP8: =AQ8/86400 -> 0 | AQ8: =if(AO8="yes",if(AU7>S8,AU7-S8,0),0) -> 0 | AR8: =AS8/86400 -> 0 | AS8: =if(AO8="yes",AQ8+S8,0) -> 0 | AT8: =AU8/86400 -> 0 | AU8: =if(AO8="yes",AS8+Q8,0) -> 0 | AV8: =if(L8=5,"yes","no") -> no | AW8: =AX8/86400 -> 0 | AX8: =if(AV8="yes",if(BB7>S8,BB8-S8,0),0) -> 0 | AY8: =AZ8/86400 -> 0 | AZ8: =if(AV8="yes",AX8+S8,0) -> 0 | BA8: =BB8/86400 -> 0 | BB8: =if(AV8="yes",AZ8+Q8,0) -> 0 | BC8: 0.80374624 | BD8: =ifs(BC8<='Range Tables'!$G$81,'Range Tables'!$B$81,BC8<='Range Tables'!$G$82,'Range Tables'!$B$82) -> Offline* | BE8: 0.61753974 | BF8: =ifs(BE8<='Range Tables'!$G$95,'Range Tables'!$B$95,BE8<='Range Tables'!$G$96,'Range Tables'!$B$96,BE8<='Range Tables'!$G$97,'Range Tables'!$B$97,BE8<='Range Tables'!$G$98,'Range Tables'!$B$98,BE8<='Range Tables'!$G$99,'Range Tables'!$B$99,BE8<='Range Tables'!$G$100,'Range Tables'!$B$100,BE8<='Range Tables'!$G$101,'Range Tables'!$B$101,BE8<='Range Tables'!$G$102,'Range Tables'!$B$102,BE8<='Range Tables'!$G$103,'Range Tables'!$B$103) -> Jammu | BG8: 0.75292226 | BH8: =ifs(BG8<='Range Tables'!$G$112,'Range Tables'!$B$112,BG8<='Range Tables'!$G$113,'Range Tables'!$B$113,BG8<='Range Tables'!$G$114,'Range Tables'!$B$114) -> 0 | BI8: 0.49800792 | BJ8: =ifs(BI8<='Range Tables'!$G$118,'Range Tables'!$B$118,BI8<='Range Tables'!$G$119,'Range Tables'!$B$119) -> Valid
A9: 6 | B9: 0.62450507 | C9: =ifs(B9<='Range Tables'!$G$54,'Range Tables'!$B$54,B9<='Range Tables'!$G$55,'Range Tables'!$B$55,B9<='Range Tables'!$G$56,'Range Tables'!$B$56,B9<='Range Tables'!$G$57,'Range Tables'!$B$57,B9<='Range Tables'!$G$58,'Range Tables'!$B$58,B9<='Range Tables'!$G$59,'Range Tables'!$B$59,B9<='Range Tables'!$G$60,'Range Tables'!$B$60,B9<='Range Tables'!$G$61,'Range Tables'!$B$61,B9<='Range Tables'!$G$63,'Range Tables'!$B$63,B9<='Range Tables'!$G$64,'Range Tables'!$B$64,B9<='Range Tables'!$G$66,'Range Tables'!$B$66) -> 60 - 90 | D9: =IFERROR(__xludf.DUMMYFUNCTION("SPLIT(C9,""-"")"),60.0) -> 60 | E9: =IFERROR(__xludf.DUMMYFUNCTION("""COMPUTED_VALUE"""),90.0) -> 90 | F9: =D9+B9*(E9-D9) -> 78.735152 | G9: 0.5512274 | H9: =ifs(G9<='Range Tables'!$G$86,'Range Tables'!$B$86,G9<='Range Tables'!$G$87,'Range Tables'!$B$87,G9<='Range Tables'!$G$88,'Range Tables'!$B$88,G9<='Range Tables'!$G$89,'Range Tables'!$B$89,G9<='Range Tables'!$G$90,'Range Tables'!$B$90,G9<='Range Tables'!$G$91,'Range Tables'!$B$91) -> Bike | I9: 0.46932395 | J9: =IFS( H9="Car", IF(I9<='Range Tables'!$G$19, 'Range Tables'!$B$19, 'Range Tables'!$B$20), H9="Bike", IF(I9<='Range Tables'!$G$25, 'Range Tables'!$B$25, 'Range Tables'!$B$26), H9="Scooter", IF(I9<='Range Tables'!$G$31, 'Range Tables'!$B$31, 'Range Tables'!$B$32), H9="Auto", IF(I9<='Range Tables'!$G$37, 'Range Tables'!$B$37, 'Range Tables'!$B$38), H9="Carriers*", IF(I9<='Range Tables'!$G$43, 'Range Tables'!$B$43, 'Range Tables'!$B$44), H9="Van*", IF(I9<='Range Tables'!$G$50, 'Range Tables'!$B$50, 'Range Tables'!$B$49) ) -> Petrol | K9: 0.03195021 | L9: =if(J9="Petrol",ifs(K9<='Range Tables'!$G$5,'Range Tables'!$B$5,K9<='Range Tables'!$G$6,'Range Tables'!$B$6,K9<='Range Tables'!$G$7,'Range Tables'!$B$7),ifs(K9<='Range Tables'!$G$13,'Range Tables'!$B$13,K9<='Range Tables'!$G$14,'Range Tables'!$B$14)) -> 2 | M9: 0.73868715 | N9: =ifs(H9="Car",ifs(M9<='Range Tables'!$G$125,'Range Tables'!$B$125,M9<='Range Tables'!$G$126,'Range Tables'!$B$126,M9<='Range Tables'!$G$127,'Range Tables'!$B$127,M9<='Range Tables'!$G$128,'Range Tables'!$B$128,M9<='Range Tables'!$G$129,'Range Tables'!$B$129,'Range Tables'!$G$131,'Range Tables'!$B$131),H9="Bike",ifs(M9<='Range Tables'!$G$136,'Range Tables'!$B$136,M9<='Range Tables'!$G$137,'Range Tables'!$B$137,M9<='Range Tables'!$G$138,'Range Tables'!$B$138,M9<='Range Tables'!$G$142,'Range Tables'!$B$142),H9="Scooter",ifs(M9<='Range Tables'!$G$148,'Range Tables'!$B$148,M9<='Range Tables'!$G$149,'Range Tables'!$B$149,M9<='Range Tables'!$G$150,'Range Tables'!$B$150,M9<='Range Tables'!$G$151,'Range Tables'!$B$151),H9="Auto",ifs(M9<='Range Tables'!$G$161,'Range Tables'!$B$161,M9<='Range Tables'!$G$162,'Range Tables'!$B$162,M9<='Range Tables'!$G$163,'Range Tables'!$B$163,M9<='Range Tables'!$G$164,'Range Tables'!$B$164),H9="Carriers*",ifs(M9<='Range Tables'!$G$173,'Range Tables'!$B$173,M9<='Range Tables'!$G$174,'Range Tables'!$B$174,M9<='Range Tables'!$G$175,'Range Tables'!$B$175,M9<='Range Tables'!$G$176,'Range Tables'!$B$176,M9<='Range Tables'!$G$177,'Range Tables'!$B$177,M9<='Range Tables'!$G$179,'Range Tables'!$B$179),H9="Van*",ifs(M9<='Range Tables'!$G$186,'Range Tables'!$B$186)) -> 120 - 180 | O9: =IFERROR(__xludf.DUMMYFUNCTION("SPLIT(N9,""-"")"),120.0) -> 120 | P9: =IFERROR(__xludf.DUMMYFUNCTION("""COMPUTED_VALUE"""),180.0) -> 180 | Q9: =O9+M9*(P9-O9) -> 164.32123 | R9: =S9/86400 -> 0.0036605756 | S9: =S8+F8 -> 316.27374 | T9: =if(L9=1,"yes","no") -> no | U9: =V9/86400 -> 0 | V9: =if(T9="yes", if(Z8>S9,Z8-S9,0),0) -> 0 | W9: =X9/86400 -> 0 | X9: =if(T9="yes",S9+V9,0) -> 0 | Y9: =Z9/86400 -> 0 | Z9: =if(T9="yes",Q9+X9,0) -> 0 | AA9: =IF(L9=2,"yes","no") -> yes | AB9: =AC9/86400 -> 0.0011135545 | AC9: =if(AA9="yes", if(AG8>S9,AG8-S9,0),0) -> 96.211111 | AD9: =AE9/86400 -> 0.0047741302 | AE9: =if(AA9="yes",S9+AC9,0) -> 412.48485 | AF9: =AG9/86400 -> 0.0066759962 | AG9: =if(AA9="yes",Q9+AE9,0) -> 576.80608 | AH9: =IF(L9=3,"yes","no") -> no | AI9: =AJ9/86400 -> 0 | AJ9: =if(AH9="yes", if(AN8>S9,AN8-S9,0),0) -> 0 | AK9: =AL9/86400 -> 0 | AL9: =if(AH9="yes",AJ9+S9,0) -> 0 | AM9: =AN9/86400 -> 0 | AN9: =if(AH9="yes",AL9+Q9,0) -> 0 | AO9: =if(L9=4,"yes","no") -> no | AP9: =AQ9/86400 -> 0 | AQ9: =if(AO9="yes",if(AU8>S9,AU8-S9,0),0) -> 0 | AR9: =AS9/86400 -> 0 | AS9: =if(AO9="yes",AQ9+S9,0) -> 0 | AT9: =AU9/86400 -> 0 | AU9: =if(AO9="yes",AS9+Q9,0) -> 0 | AV9: =if(L9=5,"yes","no") -> no | AW9: =AX9/86400 -> 0 | AX9: =if(AV9="yes",if(BB8>S9,BB9-S9,0),0) -> 0 | AY9: =AZ9/86400 -> 0 | AZ9: =if(AV9="yes",AX9+S9,0) -> 0 | BA9: =BB9/86400 -> 0 | BB9: =if(AV9="yes",AZ9+Q9,0) -> 0 | BC9: 0.048726284 | BD9: =ifs(BC9<='Range Tables'!$G$81,'Range Tables'!$B$81,BC9<='Range Tables'!$G$82,'Range Tables'!$B$82) -> Online* | BE9: 0.12229818 | BF9: =ifs(BE9<='Range Tables'!$G$95,'Range Tables'!$B$95,BE9<='Range Tables'!$G$96,'Range Tables'!$B$96,BE9<='Range Tables'!$G$97,'Range Tables'!$B$97,BE9<='Range Tables'!$G$98,'Range Tables'!$B$98,BE9<='Range Tables'!$G$99,'Range Tables'!$B$99,BE9<='Range Tables'!$G$100,'Range Tables'!$B$100,BE9<='Range Tables'!$G$101,'Range Tables'!$B$101,BE9<='Range Tables'!$G$102,'Range Tables'!$B$102,BE9<='Range Tables'!$G$103,'Range Tables'!$B$103) -> Jammu | BG9: 0.85047284 | BH9: =ifs(BG9<='Range Tables'!$G$112,'Range Tables'!$B$112,BG9<='Range Tables'!$G$113,'Range Tables'!$B$113,BG9<='Range Tables'!$G$114,'Range Tables'!$B$114) -> 1-5 | BI9: 0.80356906 | BJ9: =ifs(BI9<='Range Tables'!$G$118,'Range Tables'!$B$118,BI9<='Range Tables'!$G$119,'Range Tables'!$B$119) -> Expired
A10: 7 | B10: 0.50236154 | C10: =ifs(B10<='Range Tables'!$G$54,'Range Tables'!$B$54,B10<='Range Tables'!$G$55,'Range Tables'!$B$55,B10<='Range Tables'!$G$56,'Range Tables'!$B$56,B10<='Range Tables'!$G$57,'Range Tables'!$B$57,B10<='Range Tables'!$G$58,'Range Tables'!$B$58,B10<='Range Tables'!$G$59,'Range Tables'!$B$59,B10<='Range Tables'!$G$60,'Range Tables'!$B$60,B10<='Range Tables'!$G$61,'Range Tables'!$B$61,B10<='Range Tables'!$G$63,'Range Tables'!$B$63,B10<='Range Tables'!$G$64,'Range Tables'!$B$64,B10<='Range Tables'!$G$66,'Range Tables'!$B$66) -> 30 - 60 | D10: =IFERROR(__xludf.DUMMYFUNCTION("SPLIT(C10,""-"")"),30.0) -> 30 | E10: =IFERROR(__xludf.DUMMYFUNCTION("""COMPUTED_VALUE"""),60.0) -> 60 | F10: =D10+B10*(E10-D10) -> 45.070846 | G10: 0.46918008 | H10: =ifs(G10<='Range Tables'!$G$86,'Range Tables'!$B$86,G10<='Range Tables'!$G$87,'Range Tables'!$B$87,G10<='Range Tables'!$G$88,'Range Tables'!$B$88,G10<='Range Tables'!$G$89,'Range Tables'!$B$89,G10<='Range Tables'!$G$90,'Range Tables'!$B$90,G10<='Range Tables'!$G$91,'Range Tables'!$B$91) -> Car | I10: 0.10233771 | J10: =IFS( H10="Car", IF(I10<='Range Tables'!$G$19, 'Range Tables'!$B$19, 'Range Tables'!$B$20), H10="Bike", IF(I10<='Range Tables'!$G$25, 'Range Tables'!$B$25, 'Range Tables'!$B$26), H10="Scooter", IF(I10<='Range Tables'!$G$31, 'Range Tables'!$B$31, 'Range Tables'!$B$32), H10="Auto", IF(I10<='Range Tables'!$G$37, 'Range Tables'!$B$37, 'Range Tables'!$B$38), H10="Carriers*", IF(I10<='Range Tables'!$G$43, 'Range Tables'!$B$43, 'Range Tables'!$B$44), H10="Van*", IF(I10<='Range Tables'!$G$50, 'Range Tables'!$B$50, 'Range Tables'!$B$49) ) -> Petrol | K10: 0.55233441 | L10: =if(J10="Petrol",ifs(K10<='Range Tables'!$G$5,'Range Tables'!$B$5,K10<='Range Tables'!$G$6,'Range Tables'!$B$6,K10<='Range Tables'!$G$7,'Range Tables'!$B$7),ifs(K10<='Range Tables'!$G$13,'Range Tables'!$B$13,K10<='Range Tables'!$G$14,'Range Tables'!$B$14)) -> 3 | M10: 0.69766497 | N10: =ifs(H10="Car",ifs(M10<='Range Tables'!$G$125,'Range Tables'!$B$125,M10<='Range Tables'!$G$126,'Range Tables'!$B$126,M10<='Range Tables'!$G$127,'Range Tables'!$B$127,M10<='Range Tables'!$G$128,'Range Tables'!$B$128,M10<='Range Tables'!$G$129,'Range Tables'!$B$129,'Range Tables'!$G$131,'Range Tables'!$B$131),H10="Bike",ifs(M10<='Range Tables'!$G$136,'Range Tables'!$B$136,M10<='Range Tables'!$G$137,'Range Tables'!$B$137,M10<='Range Tables'!$G$138,'Range Tables'!$B$138,M10<='Range Tables'!$G$142,'Range Tables'!$B$142),H10="Scooter",ifs(M10<='Range Tables'!$G$148,'Range Tables'!$B$148,M10<='Range Tables'!$G$149,'Range Tables'!$B$149,M10<='Range Tables'!$G$150,'Range Tables'!$B$150,M10<='Range Tables'!$G$151,'Range Tables'!$B$151),H10="Auto",ifs(M10<='Range Tables'!$G$161,'Range Tables'!$B$161,M10<='Range Tables'!$G$162,'Range Tables'!$B$162,M10<='Range Tables'!$G$163,'Range Tables'!$B$163,M10<='Range Tables'!$G$164,'Range Tables'!$B$164),H10="Carriers*",ifs(M10<='Range Tables'!$G$173,'Range Tables'!$B$173,M10<='Range Tables'!$G$174,'Range Tables'!$B$174,M10<='Range Tables'!$G$175,'Range Tables'!$B$175,M10<='Range Tables'!$G$176,'Range Tables'!$B$176,M10<='Range Tables'!$G$177,'Range Tables'!$B$177,M10<='Range Tables'!$G$179,'Range Tables'!$B$179),H10="Van*",ifs(M10<='Range Tables'!$G$186,'Range Tables'!$B$186)) -> 120 - 180 | O10: =IFERROR(__xludf.DUMMYFUNCTION("SPLIT(N10,""-"")"),120.0) -> 120 | P10: =IFERROR(__xludf.DUMMYFUNCTION("""COMPUTED_VALUE"""),180.0) -> 180 | Q10: =O10+M10*(P10-O10) -> 161.8599 | R10: =S10/86400 -> 0.0045718621 | S10: =S9+F9 -> 395.00889 | T10: =if(L10=1,"yes","no") -> no | U10: =V10/86400 -> 0 | V10: =if(T10="yes", if(Z9>S10,Z9-S10,0),0) -> 0 | W10: =X10/86400 -> 0 | X10: =if(T10="yes",S10+V10,0) -> 0 | Y10: =Z10/86400 -> 0 | Z10: =if(T10="yes",Q10+X10,0) -> 0 | AA10: =IF(L10=2,"yes","no") -> no | AB10: =AC10/86400 -> 0 | AC10: =if(AA10="yes", if(AG9>S10,AG9-S10,0),0) -> 0 | AD10: =AE10/86400 -> 0 | AE10: =if(AA10="yes",S10+AC10,0) -> 0 | AF10: =AG10/86400 -> 0 | AG10: =if(AA10="yes",Q10+AE10,0) -> 0 | AH10: =IF(L10=3,"yes","no") -> yes | AI10: =AJ10/86400 -> 0 | AJ10: =if(AH10="yes", if(AN9>S10,AN9-S10,0),0) -> 0 | AK10: =AL10/86400 -> 0.0045718621 | AL10: =if(AH10="yes",AJ10+S10,0) -> 395.00889 | AM10: =AN10/86400 -> 0.0064452406 | AN10: =if(AH10="yes",AL10+Q10,0) -> 556.86879 | AO10: =if(L10=4,"yes","no") -> no | AP10: =AQ10/86400 -> 0 | AQ10: =if(AO10="yes",if(AU9>S10,AU9-S10,0),0) -> 0 | AR10: =AS10/86400 -> 0 | AS10: =if(AO10="yes",AQ10+S10,0) -> 0 | AT10: =AU10/86400 -> 0 | AU10: =if(AO10="yes",AS10+Q10,0) -> 0 | AV10: =if(L10=5,"yes","no") -> no | AW10: =AX10/86400 -> 0 | AX10: =if(AV10="yes",if(BB9>S10,BB10-S10,0),0) -> 0 | AY10: =AZ10/86400 -> 0 | AZ10: =if(AV10="yes",AX10+S10,0) -> 0 | BA10: =BB10/86400 -> 0 | BB10: =if(AV10="yes",AZ10+Q10,0) -> 0 | BC10: 0.45242937 | BD10: =ifs(BC10<='Range Tables'!$G$81,'Range Tables'!$B$81,BC10<='Range Tables'!$G$82,'Range Tables'!$B$82) -> Offline* | BE10: 0.096738901 | BF10: =ifs(BE10<='Range Tables'!$G$95,'Range Tables'!$B$95,BE10<='Range Tables'!$G$96,'Range Tables'!$B$96,BE10<='Range Tables'!$G$97,'Range Tables'!$B$97,BE10<='Range Tables'!$G$98,'Range Tables'!$B$98,BE10<='Range Tables'!$G$99,'Range Tables'!$B$99,BE10<='Range Tables'!$G$100,'Range Tables'!$B$100,BE10<='Range Tables'!$G$101,'Range Tables'!$B$101,BE10<='Range Tables'!$G$102,'Range Tables'!$B$102,BE10<='Range Tables'!$G$103,'Range Tables'!$B$103) -> Jammu | BG10: 0.1100532 | BH10: =ifs(BG10<='Range Tables'!$G$112,'Range Tables'!$B$112,BG10<='Range Tables'!$G$113,'Range Tables'!$B$113,BG10<='Range Tables'!$G$114,'Range Tables'!$B$114) -> 0 | BI10: 0.56669078 | BJ10: =ifs(BI10<='Range Tables'!$G$118,'Range Tables'!$B$118,BI10<='Range Tables'!$G$119,'Range Tables'!$B$119) -> Valid
A11: 8 | B11: 0.39869097 | C11: =ifs(B11<='Range Tables'!$G$54,'Range Tables'!$B$54,B11<='Range Tables'!$G$55,'Range Tables'!$B$55,B11<='Range Tables'!$G$56,'Range Tables'!$B$56,B11<='Range Tables'!$G$57,'Range Tables'!$B$57,B11<='Range Tables'!$G$58,'Range Tables'!$B$58,B11<='Range Tables'!$G$59,'Range Tables'!$B$59,B11<='Range Tables'!$G$60,'Range Tables'!$B$60,B11<='Range Tables'!$G$61,'Range Tables'!$B$61,B11<='Range Tables'!$G$63,'Range Tables'!$B$63,B11<='Range Tables'!$G$64,'Range Tables'!$B$64,B11<='Range Tables'!$G$66,'Range Tables'!$B$66) -> 30 - 60 | D11: =IFERROR(__xludf.DUMMYFUNCTION("SPLIT(C11,""-"")"),30.0) -> 30 | E11: =IFERROR(__xludf.DUMMYFUNCTION("""COMPUTED_VALUE"""),60.0) -> 60 | F11: =D11+B11*(E11-D11) -> 41.960729 | G11: 0.23780848 | H11: =ifs(G11<='Range Tables'!$G$86,'Range Tables'!$B$86,G11<='Range Tables'!$G$87,'Range Tables'!$B$87,G11<='Range Tables'!$G$88,'Range Tables'!$B$88,G11<='Range Tables'!$G$89,'Range Tables'!$B$89,G11<='Range Tables'!$G$90,'Range Tables'!$B$90,G11<='Range Tables'!$G$91,'Range Tables'!$B$91) -> Car | I11: 0.76887389 | J11: =IFS( H11="Car", IF(I11<='Range Tables'!$G$19, 'Range Tables'!$B$19, 'Range Tables'!$B$20), H11="Bike", IF(I11<='Range Tables'!$G$25, 'Range Tables'!$B$25, 'Range Tables'!$B$26), H11="Scooter", IF(I11<='Range Tables'!$G$31, 'Range Tables'!$B$31, 'Range Tables'!$B$32), H11="Auto", IF(I11<='Range Tables'!$G$37, 'Range Tables'!$B$37, 'Range Tables'!$B$38), H11="Carriers*", IF(I11<='Range Tables'!$G$43, 'Range Tables'!$B$43, 'Range Tables'!$B$44), H11="Van*", IF(I11<='Range Tables'!$G$50, 'Range Tables'!$B$50, 'Range Tables'!$B$49) ) -> Petrol | K11: 0.27084103 | L11: =if(J11="Petrol",ifs(K11<='Range Tables'!$G$5,'Range Tables'!$B$5,K11<='Range Tables'!$G$6,'Range Tables'!$B$6,K11<='Range Tables'!$G$7,'Range Tables'!$B$7),ifs(K11<='Range Tables'!$G$13,'Range Tables'!$B$13,K11<='Range Tables'!$G$14,'Range Tables'!$B$14)) -> 2 | M11: 0.742064 | N11: =ifs(H11="Car",ifs(M11<='Range Tables'!$G$125,'Range Tables'!$B$125,M11<='Range Tables'!$G$126,'Range Tables'!$B$126,M11<='Range Tables'!$G$127,'Range Tables'!$B$127,M11<='Range Tables'!$G$128,'Range Tables'!$B$128,M11<='Range Tables'!$G$129,'Range Tables'!$B$129,'Range Tables'!$G$131,'Range Tables'!$B$131),H11="Bike",ifs(M11<='Range Tables'!$G$136,'Range Tables'!$B$136,M11<='Range Tables'!$G$137,'Range Tables'!$B$137,M11<='Range Tables'!$G$138,'Range Tables'!$B$138,M11<='Range Tables'!$G$142,'Range Tables'!$B$142),H11="Scooter",ifs(M11<='Range Tables'!$G$148,'Range Tables'!$B$148,M11<='Range Tables'!$G$149,'Range Tables'!$B$149,M11<='Range Tables'!$G$150,'Range Tables'!$B$150,M11<='Range Tables'!$G$151,'Range Tables'!$B$151),H11="Auto",ifs(M11<='Range Tables'!$G$161,'Range Tables'!$B$161,M11<='Range Tables'!$G$162,'Range Tables'!$B$162,M11<='Range Tables'!$G$163,'Range Tables'!$B$163,M11<='Range Tables'!$G$164,'Range Tables'!$B$164),H11="Carriers*",ifs(M11<='Range Tables'!$G$173,'Range Tables'!$B$173,M11<='Range Tables'!$G$174,'Range Tables'!$B$174,M11<='Range Tables'!$G$175,'Range Tables'!$B$175,M11<='Range Tables'!$G$176,'Range Tables'!$B$176,M11<='Range Tables'!$G$177,'Range Tables'!$B$177,M11<='Range Tables'!$G$179,'Range Tables'!$B$179),H11="Van*",ifs(M11<='Range Tables'!$G$186,'Range Tables'!$B$186)) -> 120 - 180 | O11: =IFERROR(__xludf.DUMMYFUNCTION("SPLIT(N11,""-"")"),120.0) -> 120 | P11: =IFERROR(__xludf.DUMMYFUNCTION("""COMPUTED_VALUE"""),180.0) -> 180 | Q11: =O11+M11*(P11-O11) -> 164.52384 | R11: =S11/86400 -> 0.0050935154 | S11: =S10+F10 -> 440.07973 | T11: =if(L11=1,"yes","no") -> no | U11: =V11/86400 -> 0 | V11: =if(T11="yes", if(Z10>S11,Z10-S11,0),0) -> 0 | W11: =X11/86400 -> 0 | X11: =if(T11="yes",S11+V11,0) -> 0 | Y11: =Z11/86400 -> 0 | Z11: =if(T11="yes",Q11+X11,0) -> 0 | AA11: =IF(L11=2,"yes","no") -> yes | AB11: =AC11/86400 -> 0 | AC11: =if(AA11="yes", if(AG10>S11,AG10-S11,0),0) -> 0 | AD11: =AE11/86400 -> 0.0050935154 | AE11: =if(AA11="yes",S11+AC11,0) -> 440.07973 | AF11: =AG11/86400 -> 0.0069977265 | AG11: =if(AA11="yes",Q11+AE11,0) -> 604.60357 | AH11: =IF(L11=3,"yes","no") -> no | AI11: =AJ11/86400 -> 0 | AJ11: =if(AH11="yes", if(AN10>S11,AN10-S11,0),0) -> 0 | AK11: =AL11/86400 -> 0 | AL11: =if(AH11="yes",AJ11+S11,0) -> 0 | AM11: =AN11/86400 -> 0 | AN11: =if(AH11="yes",AL11+Q11,0) -> 0 | AO11: =if(L11=4,"yes","no") -> no | AP11: =AQ11/86400 -> 0 | AQ11: =if(AO11="yes",if(AU10>S11,AU10-S11,0),0) -> 0 | AR11: =AS11/86400 -> 0 | AS11: =if(AO11="yes",AQ11+S11,0) -> 0 | AT11: =AU11/86400 -> 0 | AU11: =if(AO11="yes",AS11+Q11,0) -> 0 | AV11: =if(L11=5,"yes","no") -> no | AW11: =AX11/86400 -> 0 | AX11: =if(AV11="yes",if(BB10>S11,BB11-S11,0),0) -> 0 | AY11: =AZ11/86400 -> 0 | AZ11: =if(AV11="yes",AX11+S11,0) -> 0 | BA11: =BB11/86400 -> 0 | BB11: =if(AV11="yes",AZ11+Q11,0) -> 0 | BC11: 0.66221346 | BD11: =ifs(BC11<='Range Tables'!$G$81,'Range Tables'!$B$81,BC11<='Range Tables'!$G$82,'Range Tables'!$B$82) -> Offline* | BE11: 0.85792129 | BF11: =ifs(BE11<='Range Tables'!$G$95,'Range Tables'!$B$95,BE11<='Range Tables'!$G$96,'Range Tables'!$B$96,BE11<='Range Tables'!$G$97,'Range Tables'!$B$97,BE11<='Range Tables'!$G$98,'Range Tables'!$B$98,BE11<='Range Tables'!$G$99,'Range Tables'!$B$99,BE11<='Range Tables'!$G$100,'Range Tables'!$B$100,BE11<='Range Tables'!$G$101,'Range Tables'!$B$101,BE11<='Range Tables'!$G$102,'Range Tables'!$B$102,BE11<='Range Tables'!$G$103,'Range Tables'!$B$103) -> Udhampur | BG11: 0.80756116 | BH11: =ifs(BG11<='Range Tables'!$G$112,'Range Tables'!$B$112,BG11<='Range Tables'!$G$113,'Range Tables'!$B$113,BG11<='Range Tables'!$G$114,'Range Tables'!$B$114) -> 1-5 | BI11: 0.34018759 | BJ11: =ifs(BI11<='Range Tables'!$G$118,'Range Tables'!$B$118,BI11<='Range Tables'!$G$119,'Range Tables'!$B$119) -> Valid
A12: 9 | B12: 0.47390626 | C12: =ifs(B12<='Range Tables'!$G$54,'Range Tables'!$B$54,B12<='Range Tables'!$G$55,'Range Tables'!$B$55,B12<='Range Tables'!$G$56,'Range Tables'!$B$56,B12<='Range Tables'!$G$57,'Range Tables'!$B$57,B12<='Range Tables'!$G$58,'Range Tables'!$B$58,B12<='Range Tables'!$G$59,'Range Tables'!$B$59,B12<='Range Tables'!$G$60,'Range Tables'!$B$60,B12<='Range Tables'!$G$61,'Range Tables'!$B$61,B12<='Range Tables'!$G$63,'Range Tables'!$B$63,B12<='Range Tables'!$G$64,'Range Tables'!$B$64,B12<='Range Tables'!$G$66,'Range Tables'!$B$66) -> 30 - 60 | D12: =IFERROR(__xludf.DUMMYFUNCTION("SPLIT(C12,""-"")"),30.0) -> 30 | E12: =IFERROR(__xludf.DUMMYFUNCTION("""COMPUTED_VALUE"""),60.0) -> 60 | F12: =D12+B12*(E12-D12) -> 44.217188 | G12: 0.10503365 | H12: =ifs(G12<='Range Tables'!$G$86,'Range Tables'!$B$86,G12<='Range Tables'!$G$87,'Range Tables'!$B$87,G12<='Range Tables'!$G$88,'Range Tables'!$B$88,G12<='Range Tables'!$G$89,'Range Tables'!$B$89,G12<='Range Tables'!$G$90,'Range Tables'!$B$90,G12<='Range Tables'!$G$91,'Range Tables'!$B$91) -> Car | I12: 0.8815688 | J12: =IFS( H12="Car", IF(I12<='Range Tables'!$G$19, 'Range Tables'!$B$19, 'Range Tables'!$B$20), H12="Bike", IF(I12<='Range Tables'!$G$25, 'Range Tables'!$B$25, 'Range Tables'!$B$26), H12="Scooter", IF(I12<='Range Tables'!$G$31, 'Range Tables'!$B$31, 'Range Tables'!$B$32), H12="Auto", IF(I12<='Range Tables'!$G$37, 'Range Tables'!$B$37, 'Range Tables'!$B$38), H12="Carriers*", IF(I12<='Range Tables'!$G$43, 'Range Tables'!$B$43, 'Range Tables'!$B$44), H12="Van*", IF(I12<='Range Tables'!$G$50, 'Range Tables'!$B$50, 'Range Tables'!$B$49) ) -> Petrol | K12: 0.93474299 | L12: =if(J12="Petrol",ifs(K12<='Range Tables'!$G$5,'Range Tables'!$B$5,K12<='Range Tables'!$G$6,'Range Tables'!$B$6,K12<='Range Tables'!$G$7,'Range Tables'!$B$7),ifs(K12<='Range Tables'!$G$13,'Range Tables'!$B$13,K12<='Range Tables'!$G$14,'Range Tables'!$B$14)) -> 4 | M12: 0.92725903 | N12: =ifs(H12="Car",ifs(M12<='Range Tables'!$G$125,'Range Tables'!$B$125,M12<='Range Tables'!$G$126,'Range Tables'!$B$126,M12<='Range Tables'!$G$127,'Range Tables'!$B$127,M12<='Range Tables'!$G$128,'Range Tables'!$B$128,M12<='Range Tables'!$G$129,'Range Tables'!$B$129,'Range Tables'!$G$131,'Range Tables'!$B$131),H12="Bike",ifs(M12<='Range Tables'!$G$136,'Range Tables'!$B$136,M12<='Range Tables'!$G$137,'Range Tables'!$B$137,M12<='Range Tables'!$G$138,'Range Tables'!$B$138,M12<='Range Tables'!$G$142,'Range Tables'!$B$142),H12="Scooter",ifs(M12<='Range Tables'!$G$148,'Range Tables'!$B$148,M12<='Range Tables'!$G$149,'Range Tables'!$B$149,M12<='Range Tables'!$G$150,'Range Tables'!$B$150,M12<='Range Tables'!$G$151,'Range Tables'!$B$151),H12="Auto",ifs(M12<='Range Tables'!$G$161,'Range Tables'!$B$161,M12<='Range Tables'!$G$162,'Range Tables'!$B$162,M12<='Range Tables'!$G$163,'Range Tables'!$B$163,M12<='Range Tables'!$G$164,'Range Tables'!$B$164),H12="Carriers*",ifs(M12<='Range Tables'!$G$173,'Range Tables'!$B$173,M12<='Range Tables'!$G$174,'Range Tables'!$B$174,M12<='Range Tables'!$G$175,'Range Tables'!$B$175,M12<='Range Tables'!$G$176,'Range Tables'!$B$176,M12<='Range Tables'!$G$177,'Range Tables'!$B$177,M12<='Range Tables'!$G$179,'Range Tables'!$B$179),H12="Van*",ifs(M12<='Range Tables'!$G$186,'Range Tables'!$B$186)) -> 240 - 300 | O12: =IFERROR(__xludf.DUMMYFUNCTION("SPLIT(N12,""-"")"),240.0) -> 240 | P12: =IFERROR(__xludf.DUMMYFUNCTION("""COMPUTED_VALUE"""),300.0) -> 300 | Q12: =O12+M12*(P12-O12) -> 295.63554 | R12: =S12/86400 -> 0.005579172 | S12: =S11+F11 -> 482.04046 | T12: =if(L12=1,"yes","no") -> no | U12: =V12/86400 -> 0 | V12: =if(T12="yes", if(Z11>S12,Z11-S12,0),0) -> 0 | W12: =X12/86400 -> 0 | X12: =if(T12="yes",S12+V12,0) -> 0 | Y12: =Z12/86400 -> 0 | Z12: =if(T12="yes",Q12+X12,0) -> 0 | AA12: =IF(L12=2,"yes","no") -> no | AB12: =AC12/86400 -> 0 | AC12: =if(AA12="yes", if(AG11>S12,AG11-S12,0),0) -> 0 | AD12: =AE12/86400 -> 0 | AE12: =if(AA12="yes",S12+AC12,0) -> 0 | AF12: =AG12/86400 -> 0 | AG12: =if(AA12="yes",Q12+AE12,0) -> 0 | AH12: =IF(L12=3,"yes","no") -> no | AI12: =AJ12/86400 -> 0 | AJ12: =if(AH12="yes", if(AN11>S12,AN11-S12,0),0) -> 0 | AK12: =AL12/86400 -> 0 | AL12: =if(AH12="yes",AJ12+S12,0) -> 0 | AM12: =AN12/86400 -> 0 | AN12: =if(AH12="yes",AL12+Q12,0) -> 0 | AO12: =if(L12=4,"yes","no") -> yes | AP12: =AQ12/86400 -> 0 | AQ12: =if(AO12="yes",if(AU11>S12,AU11-S12,0),0) -> 0 | AR12: =AS12/86400 -> 0.005579172 | AS12: =if(AO12="yes",AQ12+S12,0) -> 482.04046 | AT12: =AU12/86400 -> 0.0090008797 | AU12: =if(AO12="yes",AS12+Q12,0) -> 777.676 | AV12: =if(L12=5,"yes","no") -> no | AW12: =AX12/86400 -> 0 | AX12: =if(AV12="yes",if(BB11>S12,BB12-S12,0),0) -> 0 | AY12: =AZ12/86400 -> 0 | AZ12: =if(AV12="yes",AX12+S12,0) -> 0 | BA12: =BB12/86400 -> 0 | BB12: =if(AV12="yes",AZ12+Q12,0) -> 0 | BC12: 0.70144622 | BD12: =ifs(BC12<='Range Tables'!$G$81,'Range Tables'!$B$81,BC12<='Range Tables'!$G$82,'Range Tables'!$B$82) -> Offline* | BE12: 0.067715326 | BF12: =ifs(BE12<='Range Tables'!$G$95,'Range Tables'!$B$95,BE12<='Range Tables'!$G$96,'Range Tables'!$B$96,BE12<='Range Tables'!$G$97,'Range Tables'!$B$97,BE12<='Range Tables'!$G$98,'Range Tables'!$B$98,BE12<='Range Tables'!$G$99,'Range Tables'!$B$99,BE12<='Range Tables'!$G$100,'Range Tables'!$B$100,BE12<='Range Tables'!$G$101,'Range Tables'!$B$101,BE12<='Range Tables'!$G$102,'Range Tables'!$B$102,BE12<='Range Tables'!$G$103,'Range Tables'!$B$103) -> Jammu | BG12: 0.88333862 | BH12: =ifs(BG12<='Range Tables'!$G$112,'Range Tables'!$B$112,BG12<='Range Tables'!$G$113,'Range Tables'!$B$113,BG12<='Range Tables'!$G$114,'Range Tables'!$B$114) -> 1-5 | BI12: 0.24685127 | BJ12: =ifs(BI12<='Range Tables'!$G$118,'Range Tables'!$B$118,BI12<='Range Tables'!$G$119,'Range Tables'!$B$119) -> Valid
A13: 10 | B13: 0.21132728 | C13: =ifs(B13<='Range Tables'!$G$54,'Range Tables'!$B$54,B13<='Range Tables'!$G$55,'Range Tables'!$B$55,B13<='Range Tables'!$G$56,'Range Tables'!$B$56,B13<='Range Tables'!$G$57,'Range Tables'!$B$57,B13<='Range Tables'!$G$58,'Range Tables'!$B$58,B13<='Range Tables'!$G$59,'Range Tables'!$B$59,B13<='Range Tables'!$G$60,'Range Tables'!$B$60,B13<='Range Tables'!$G$61,'Range Tables'!$B$61,B13<='Range Tables'!$G$63,'Range Tables'!$B$63,B13<='Range Tables'!$G$64,'Range Tables'!$B$64,B13<='Range Tables'!$G$66,'Range Tables'!$B$66) -> 0 - 30 | D13: =IFERROR(__xludf.DUMMYFUNCTION("SPLIT(C13,""-"")"),0.0) -> 0 | E13: =IFERROR(__xludf.DUMMYFUNCTION("""COMPUTED_VALUE"""),30.0) -> 30 | F13: =D13+B13*(E13-D13) -> 6.3398183 | G13: 0.52585832 | H13: =ifs(G13<='Range Tables'!$G$86,'Range Tables'!$B$86,G13<='Range Tables'!$G$87,'Range Tables'!$B$87,G13<='Range Tables'!$G$88,'Range Tables'!$B$88,G13<='Range Tables'!$G$89,'Range Tables'!$B$89,G13<='Range Tables'!$G$90,'Range Tables'!$B$90,G13<='Range Tables'!$G$91,'Range Tables'!$B$91) -> Bike | I13: 0.57096532 | J13: =IFS( H13="Car", IF(I13<='Range Tables'!$G$19, 'Range Tables'!$B$19, 'Range Tables'!$B$20), H13="Bike", IF(I13<='Range Tables'!$G$25, 'Range Tables'!$B$25, 'Range Tables'!$B$26), H13="Scooter", IF(I13<='Range Tables'!$G$31, 'Range Tables'!$B$31, 'Range Tables'!$B$32), H13="Auto", IF(I13<='Range Tables'!$G$37, 'Range Tables'!$B$37, 'Range Tables'!$B$38), H13="Carriers*", IF(I13<='Range Tables'!$G$43, 'Range Tables'!$B$43, 'Range Tables'!$B$44), H13="Van*", IF(I13<='Range Tables'!$G$50, 'Range Tables'!$B$50, 'Range Tables'!$B$49) ) -> Petrol | K13: 0.88046916 | L13: =if(J13="Petrol",ifs(K13<='Range Tables'!$G$5,'Range Tables'!$B$5,K13<='Range Tables'!$G$6,'Range Tables'!$B$6,K13<='Range Tables'!$G$7,'Range Tables'!$B$7),ifs(K13<='Range Tables'!$G$13,'Range Tables'!$B$13,K13<='Range Tables'!$G$14,'Range Tables'!$B$14)) -> 4 | M13: 0.22922019 | N13: =ifs(H13="Car",ifs(M13<='Range Tables'!$G$125,'Range Tables'!$B$125,M13<='Range Tables'!$G$126,'Range Tables'!$B$126,M13<='Range Tables'!$G$127,'Range Tables'!$B$127,M13<='Range Tables'!$G$128,'Range Tables'!$B$128,M13<='Range Tables'!$G$129,'Range Tables'!$B$129,'Range Tables'!$G$131,'Range Tables'!$B$131),H13="Bike",ifs(M13<='Range Tables'!$G$136,'Range Tables'!$B$136,M13<='Range Tables'!$G$137,'Range Tables'!$B$137,M13<='Range Tables'!$G$138,'Range Tables'!$B$138,M13<='Range Tables'!$G$142,'Range Tables'!$B$142),H13="Scooter",ifs(M13<='Range Tables'!$G$148,'Range Tables'!$B$148,M13<='Range Tables'!$G$149,'Range Tables'!$B$149,M13<='Range Tables'!$G$150,'Range Tables'!$B$150,M13<='Range Tables'!$G$151,'Range Tables'!$B$151),H13="Auto",ifs(M13<='Range Tables'!$G$161,'Range Tables'!$B$161,M13<='Range Tables'!$G$162,'Range Tables'!$B$162,M13<='Range Tables'!$G$163,'Range Tables'!$B$163,M13<='Range Tables'!$G$164,'Range Tables'!$B$164),H13="Carriers*",ifs(M13<='Range Tables'!$G$173,'Range Tables'!$B$173,M13<='Range Tables'!$G$174,'Range Tables'!$B$174,M13<='Range Tables'!$G$175,'Range Tables'!$B$175,M13<='Range Tables'!$G$176,'Range Tables'!$B$176,M13<='Range Tables'!$G$177,'Range Tables'!$B$177,M13<='Range Tables'!$G$179,'Range Tables'!$B$179),H13="Van*",ifs(M13<='Range Tables'!$G$186,'Range Tables'!$B$186)) -> 60 - 120 | O13: =IFERROR(__xludf.DUMMYFUNCTION("SPLIT(N13,""-"")"),60.0) -> 60 | P13: =IFERROR(__xludf.DUMMYFUNCTION("""COMPUTED_VALUE"""),120.0) -> 120 | Q13: =O13+M13*(P13-O13) -> 73.753211 | R13: =S13/86400 -> 0.006090945 | S13: =S12+F12 -> 526.25765 | T13: =if(L13=1,"yes","no") -> no | U13: =V13/86400 -> 0 | V13: =if(T13="yes", if(Z12>S13,Z12-S13,0),0) -> 0 | W13: =X13/86400 -> 0 | X13: =if(T13="yes",S13+V13,0) -> 0 | Y13: =Z13/86400 -> 0 | Z13: =if(T13="yes",Q13+X13,0) -> 0 | AA13: =IF(L13=2,"yes","no") -> no | AB13: =AC13/86400 -> 0 | AC13: =if(AA13="yes", if(AG12>S13,AG12-S13,0),0) -> 0 | AD13: =AE13/86400 -> 0 | AE13: =if(AA13="yes",S13+AC13,0) -> 0 | AF13: =AG13/86400 -> 0 | AG13: =if(AA13="yes",Q13+AE13,0) -> 0 | AH13: =IF(L13=3,"yes","no") -> no | AI13: =AJ13/86400 -> 0 | AJ13: =if(AH13="yes", if(AN12>S13,AN12-S13,0),0) -> 0 | AK13: =AL13/86400 -> 0 | AL13: =if(AH13="yes",AJ13+S13,0) -> 0 | AM13: =AN13/86400 -> 0 | AN13: =if(AH13="yes",AL13+Q13,0) -> 0 | AO13: =if(L13=4,"yes","no") -> yes | AP13: =AQ13/86400 -> 0.0029099347 | AQ13: =if(AO13="yes",if(AU12>S13,AU12-S13,0),0) -> 251.41835 | AR13: =AS13/86400 -> 0.0090008797 | AS13: =if(AO13="yes",AQ13+S13,0) -> 777.676 | AT13: =AU13/86400 -> 0.0098545048 | AU13: =if(AO13="yes",AS13+Q13,0) -> 851.42922 | AV13: =if(L13=5,"yes","no") -> no | AW13: =AX13/86400 -> 0 | AX13: =if(AV13="yes",if(BB12>S13,BB13-S13,0),0) -> 0 | AY13: =AZ13/86400 -> 0 | AZ13: =if(AV13="yes",AX13+S13,0) -> 0 | BA13: =BB13/86400 -> 0 | BB13: =if(AV13="yes",AZ13+Q13,0) -> 0 | BC13: 0.30917901 | BD13: =ifs(BC13<='Range Tables'!$G$81,'Range Tables'!$B$81,BC13<='Range Tables'!$G$82,'Range Tables'!$B$82) -> Online* | BE13: 0.16455803 | BF13: =ifs(BE13<='Range Tables'!$G$95,'Range Tables'!$B$95,BE13<='Range Tables'!$G$96,'Range Tables'!$B$96,BE13<='Range Tables'!$G$97,'Range Tables'!$B$97,BE13<='Range Tables'!$G$98,'Range Tables'!$B$98,BE13<='Range Tables'!$G$99,'Range Tables'!$B$99,BE13<='Range Tables'!$G$100,'Range Tables'!$B$100,BE13<='Range Tables'!$G$101,'Range Tables'!$B$101,BE13<='Range Tables'!$G$102,'Range Tables'!$B$102,BE13<='Range Tables'!$G$103,'Range Tables'!$B$103) -> Jammu | BG13: 0.16002519 | BH13: =ifs(BG13<='Range Tables'!$G$112,'Range Tables'!$B$112,BG13<='Range Tables'!$G$113,'Range Tables'!$B$113,BG13<='Range Tables'!$G$114,'Range Tables'!$B$114) -> 0 | BI13: 0.12038643 | BJ13: =ifs(BI13<='Range Tables'!$G$118,'Range Tables'!$B$118,BI13<='Range Tables'!$G$119,'Range Tables'!$B$119) -> Valid
A14: 11 | B14: 0.25384687 | C14: =ifs(B14<='Range Tables'!$G$54,'Range Tables'!$B$54,B14<='Range Tables'!$G$55,'Range Tables'!$B$55,B14<='Range Tables'!$G$56,'Range Tables'!$B$56,B14<='Range Tables'!$G$57,'Range Tables'!$B$57,B14<='Range Tables'!$G$58,'Range Tables'!$B$58,B14<='Range Tables'!$G$59,'Range Tables'!$B$59,B14<='Range Tables'!$G$60,'Range Tables'!$B$60,B14<='Range Tables'!$G$61,'Range Tables'!$B$61,B14<='Range Tables'!$G$63,'Range Tables'!$B$63,B14<='Range Tables'!$G$64,'Range Tables'!$B$64,B14<='Range Tables'!$G$66,'Range Tables'!$B$66) -> 0 - 30 | D14: =IFERROR(__xludf.DUMMYFUNCTION("SPLIT(C14,""-"")"),0.0) -> 0 | E14: =IFERROR(__xludf.DUMMYFUNCTION("""COMPUTED_VALUE"""),30.0) -> 30 | F14: =D14+B14*(E14-D14) -> 7.6154061 | G14: 0.30515931 | H14: =ifs(G14<='Range Tables'!$G$86,'Range Tables'!$B$86,G14<='Range Tables'!$G$87,'Range Tables'!$B$87,G14<='Range Tables'!$G$88,'Range Tables'!$B$88,G14<='Range Tables'!$G$89,'Range Tables'!$B$89,G14<='Range Tables'!$G$90,'Range Tables'!$B$90,G14<='Range Tables'!$G$91,'Range Tables'!$B$91) -> Car | I14: 0.61989568 | J14: =IFS( H14="Car", IF(I14<='Range Tables'!$G$19, 'Range Tables'!$B$19, 'Range Tables'!$B$20), H14="Bike", IF(I14<='Range Tables'!$G$25, 'Range Tables'!$B$25, 'Range Tables'!$B$26), H14="Scooter", IF(I14<='Range Tables'!$G$31, 'Range Tables'!$B$31, 'Range Tables'!$B$32), H14="Auto", IF(I14<='Range Tables'!$G$37, 'Range Tables'!$B$37, 'Range Tables'!$B$38), H14="Carriers*", IF(I14<='Range Tables'!$G$43, 'Range Tables'!$B$43, 'Range Tables'!$B$44), H14="Van*", IF(I14<='Range Tables'!$G$50, 'Range Tables'!$B$50, 'Range Tables'!$B$49) ) -> Petrol | K14: 0.88335064 | L14: =if(J14="Petrol",ifs(K14<='Range Tables'!$G$5,'Range Tables'!$B$5,K14<='Range Tables'!$G$6,'Range Tables'!$B$6,K14<='Range Tables'!$G$7,'Range Tables'!$B$7),ifs(K14<='Range Tables'!$G$13,'Range Tables'!$B$13,K14<='Range Tables'!$G$14,'Range Tables'!$B$14)) -> 4 | M14: 0.068961379 | N14: =ifs(H14="Car",ifs(M14<='Range Tables'!$G$125,'Range Tables'!$B$125,M14<='Range Tables'!$G$126,'Range Tables'!$B$126,M14<='Range Tables'!$G$127,'Range Tables'!$B$127,M14<='Range Tables'!$G$128,'Range Tables'!$B$128,M14<='Range Tables'!$G$129,'Range Tables'!$B$129,'Range Tables'!$G$131,'Range Tables'!$B$131),H14="Bike",ifs(M14<='Range Tables'!$G$136,'Range Tables'!$B$136,M14<='Range Tables'!$G$137,'Range Tables'!$B$137,M14<='Range Tables'!$G$138,'Range Tables'!$B$138,M14<='Range Tables'!$G$142,'Range Tables'!$B$142),H14="Scooter",ifs(M14<='Range Tables'!$G$148,'Range Tables'!$B$148,M14<='Range Tables'!$G$149,'Range Tables'!$B$149,M14<='Range Tables'!$G$150,'Range Tables'!$B$150,M14<='Range Tables'!$G$151,'Range Tables'!$B$151),H14="Auto",ifs(M14<='Range Tables'!$G$161,'Range Tables'!$B$161,M14<='Range Tables'!$G$162,'Range Tables'!$B$162,M14<='Range Tables'!$G$163,'Range Tables'!$B$163,M14<='Range Tables'!$G$164,'Range Tables'!$B$164),H14="Carriers*",ifs(M14<='Range Tables'!$G$173,'Range Tables'!$B$173,M14<='Range Tables'!$G$174,'Range Tables'!$B$174,M14<='Range Tables'!$G$175,'Range Tables'!$B$175,M14<='Range Tables'!$G$176,'Range Tables'!$B$176,M14<='Range Tables'!$G$177,'Range Tables'!$B$177,M14<='Range Tables'!$G$179,'Range Tables'!$B$179),H14="Van*",ifs(M14<='Range Tables'!$G$186,'Range Tables'!$B$186)) -> 60 - 120 | O14: =IFERROR(__xludf.DUMMYFUNCTION("SPLIT(N14,""-"")"),60.0) -> 60 | P14: =IFERROR(__xludf.DUMMYFUNCTION("""COMPUTED_VALUE"""),120.0) -> 120 | Q14: =O14+M14*(P14-O14) -> 64.137683 | R14: =S14/86400 -> 0.0061643226 | S14: =S13+F13 -> 532.59747 | T14: =if(L14=1,"yes","no") -> no | U14: =V14/86400 -> 0 | V14: =if(T14="yes", if(Z13>S14,Z13-S14,0),0) -> 0 | W14: =X14/86400 -> 0 | X14: =if(T14="yes",S14+V14,0) -> 0 | Y14: =Z14/86400 -> 0 | Z14: =if(T14="yes",Q14+X14,0) -> 0 | AA14: =IF(L14=2,"yes","no") -> no | AB14: =AC14/86400 -> 0 | AC14: =if(AA14="yes", if(AG13>S14,AG13-S14,0),0) -> 0 | AD14: =AE14/86400 -> 0 | AE14: =if(AA14="yes",S14+AC14,0) -> 0 | AF14: =AG14/86400 -> 0 | AG14: =if(AA14="yes",Q14+AE14,0) -> 0 | AH14: =IF(L14=3,"yes","no") -> no | AI14: =AJ14/86400 -> 0 | AJ14: =if(AH14="yes", if(AN13>S14,AN13-S14,0),0) -> 0 | AK14: =AL14/86400 -> 0 | AL14: =if(AH14="yes",AJ14+S14,0) -> 0 | AM14: =AN14/86400 -> 0 | AN14: =if(AH14="yes",AL14+Q14,0) -> 0 | AO14: =if(L14=4,"yes","no") -> yes | AP14: =AQ14/86400 -> 0.0036901823 | AQ14: =if(AO14="yes",if(AU13>S14,AU13-S14,0),0) -> 318.83175 | AR14: =AS14/86400 -> 0.0098545048 | AS14: =if(AO14="yes",AQ14+S14,0) -> 851.42922 | AT14: =AU14/86400 -> 0.010596839 | AU14: =if(AO14="yes",AS14+Q14,0) -> 915.5669 | AV14: =if(L14=5,"yes","no") -> no | AW14: =AX14/86400 -> 0 | AX14: =if(AV14="yes",if(BB13>S14,BB14-S14,0),0) -> 0 | AY14: =AZ14/86400 -> 0 | AZ14: =if(AV14="yes",AX14+S14,0) -> 0 | BA14: =BB14/86400 -> 0 | BB14: =if(AV14="yes",AZ14+Q14,0) -> 0 | BC14: 0.16563032 | BD14: =ifs(BC14<='Range Tables'!$G$81,'Range Tables'!$B$81,BC14<='Range Tables'!$G$82,'Range Tables'!$B$82) -> Online* | BE14: 0.70725406 | BF14: =ifs(BE14<='Range Tables'!$G$95,'Range Tables'!$B$95,BE14<='Range Tables'!$G$96,'Range Tables'!$B$96,BE14<='Range Tables'!$G$97,'Range Tables'!$B$97,BE14<='Range Tables'!$G$98,'Range Tables'!$B$98,BE14<='Range Tables'!$G$99,'Range Tables'!$B$99,BE14<='Range Tables'!$G$100,'Range Tables'!$B$100,BE14<='Range Tables'!$G$101,'Range Tables'!$B$101,BE14<='Range Tables'!$G$102,'Range Tables'!$B$102,BE14<='Range Tables'!$G$103,'Range Tables'!$B$103) -> Jammu | BG14: 0.3237432 | BH14: =ifs(BG14<='Range Tables'!$G$112,'Range Tables'!$B$112,BG14<='Range Tables'!$G$113,'Range Tables'!$B$113,BG14<='Range Tables'!$G$114,'Range Tables'!$B$114) -> 0 | BI14: 0.41302235 | BJ14: =ifs(BI14<='Range Tables'!$G$118,'Range Tables'!$B$118,BI14<='Range Tables'!$G$119,'Range Tables'!$B$119) -> Valid
A15: 12 | B15: 0.52184734 | C15: =ifs(B15<='Range Tables'!$G$54,'Range Tables'!$B$54,B15<='Range Tables'!$G$55,'Range Tables'!$B$55,B15<='Range Tables'!$G$56,'Range Tables'!$B$56,B15<='Range Tables'!$G$57,'Range Tables'!$B$57,B15<='Range Tables'!$G$58,'Range Tables'!$B$58,B15<='Range Tables'!$G$59,'Range Tables'!$B$59,B15<='Range Tables'!$G$60,'Range Tables'!$B$60,B15<='Range Tables'!$G$61,'Range Tables'!$B$61,B15<='Range Tables'!$G$63,'Range Tables'!$B$63,B15<='Range Tables'!$G$64,'Range Tables'!$B$64,B15<='Range Tables'!$G$66,'Range Tables'!$B$66) -> 30 - 60 | D15: =IFERROR(__xludf.DUMMYFUNCTION("SPLIT(C15,""-"")"),30.0) -> 30 | E15: =IFERROR(__xludf.DUMMYFUNCTION("""COMPUTED_VALUE"""),60.0) -> 60 | F15: =D15+B15*(E15-D15) -> 45.65542 | G15: 0.039830673 | H15: =ifs(G15<='Range Tables'!$G$86,'Range Tables'!$B$86,G15<='Range Tables'!$G$87,'Range Tables'!$B$87,G15<='Range Tables'!$G$88,'Range Tables'!$B$88,G15<='Range Tables'!$G$89,'Range Tables'!$B$89,G15<='Range Tables'!$G$90,'Range Tables'!$B$90,G15<='Range Tables'!$G$91,'Range Tables'!$B$91) -> Car | I15: 0.56950989 | J15: =IFS( H15="Car", IF(I15<='Range Tables'!$G$19, 'Range Tables'!$B$19, 'Range Tables'!$B$20), H15="Bike", IF(I15<='Range Tables'!$G$25, 'Range Tables'!$B$25, 'Range Tables'!$B$26), H15="Scooter", IF(I15<='Range Tables'!$G$31, 'Range Tables'!$B$31, 'Range Tables'!$B$32), H15="Auto", IF(I15<='Range Tables'!$G$37, 'Range Tables'!$B$37, 'Range Tables'!$B$38), H15="Carriers*", IF(I15<='Range Tables'!$G$43, 'Range Tables'!$B$43, 'Range Tables'!$B$44), H15="Van*", IF(I15<='Range Tables'!$G$50, 'Range Tables'!$B$50, 'Range Tables'!$B$49) ) -> Petrol | K15: 0.82731198 | L15: =if(J15="Petrol",ifs(K15<='Range Tables'!$G$5,'Range Tables'!$B$5,K15<='Range Tables'!$G$6,'Range Tables'!$B$6,K15<='Range Tables'!$G$7,'Range Tables'!$B$7),ifs(K15<='Range Tables'!$G$13,'Range Tables'!$B$13,K15<='Range Tables'!$G$14,'Range Tables'!$B$14)) -> 3 | M15: 0.36666175 | N15: =ifs(H15="Car",ifs(M15<='Range Tables'!$G$125,'Range Tables'!$B$125,M15<='Range Tables'!$G$126,'Range Tables'!$B$126,M15<='Range Tables'!$G$127,'Range Tables'!$B$127,M15<='Range Tables'!$G$128,'Range Tables'!$B$128,M15<='Range Tables'!$G$129,'Range Tables'!$B$129,'Range Tables'!$G$131,'Range Tables'!$B$131),H15="Bike",ifs(M15<='Range Tables'!$G$136,'Range Tables'!$B$136,M15<='Range Tables'!$G$137,'Range Tables'!$B$137,M15<='Range Tables'!$G$138,'Range Tables'!$B$138,M15<='Range Tables'!$G$142,'Range Tables'!$B$142),H15="Scooter",ifs(M15<='Range Tables'!$G$148,'Range Tables'!$B$148,M15<='Range Tables'!$G$149,'Range Tables'!$B$149,M15<='Range Tables'!$G$150,'Range Tables'!$B$150,M15<='Range Tables'!$G$151,'Range Tables'!$B$151),H15="Auto",ifs(M15<='Range Tables'!$G$161,'Range Tables'!$B$161,M15<='Range Tables'!$G$162,'Range Tables'!$B$162,M15<='Range Tables'!$G$163,'Range Tables'!$B$163,M15<='Range Tables'!$G$164,'Range Tables'!$B$164),H15="Carriers*",ifs(M15<='Range Tables'!$G$173,'Range Tables'!$B$173,M15<='Range Tables'!$G$174,'Range Tables'!$B$174,M15<='Range Tables'!$G$175,'Range Tables'!$B$175,M15<='Range Tables'!$G$176,'Range Tables'!$B$176,M15<='Range Tables'!$G$177,'Range Tables'!$B$177,M15<='Range Tables'!$G$179,'Range Tables'!$B$179),H15="Van*",ifs(M15<='Range Tables'!$G$186,'Range Tables'!$B$186)) -> 60 - 120 | O15: =IFERROR(__xludf.DUMMYFUNCTION("SPLIT(N15,""-"")"),60.0) -> 60 | P15: =IFERROR(__xludf.DUMMYFUNCTION("""COMPUTED_VALUE"""),120.0) -> 120 | Q15: =O15+M15*(P15-O15) -> 81.999705 | R15: =S15/86400 -> 0.0062524638 | S15: =S14+F14 -> 540.21288 | T15: =if(L15=1,"yes","no") -> no | U15: =V15/86400 -> 0 | V15: =if(T15="yes", if(Z14>S15,Z14-S15,0),0) -> 0 | W15: =X15/86400 -> 0 | X15: =if(T15="yes",S15+V15,0) -> 0 | Y15: =Z15/86400 -> 0 | Z15: =if(T15="yes",Q15+X15,0) -> 0 | AA15: =IF(L15=2,"yes","no") -> no | AB15: =AC15/86400 -> 0 | AC15: =if(AA15="yes", if(AG14>S15,AG14-S15,0),0) -> 0 | AD15: =AE15/86400 -> 0 | AE15: =if(AA15="yes",S15+AC15,0) -> 0 | AF15: =AG15/86400 -> 0 | AG15: =if(AA15="yes",Q15+AE15,0) -> 0 | AH15: =IF(L15=3,"yes","no") -> yes | AI15: =AJ15/86400 -> 0 | AJ15: =if(AH15="yes", if(AN14>S15,AN14-S15,0),0) -> 0 | AK15: =AL15/86400 -> 0.0062524638 | AL15: =if(AH15="yes",AJ15+S15,0) -> 540.21288 | AM15: =AN15/86400 -> 0.0072015345 | AN15: =if(AH15="yes",AL15+Q15,0) -> 622.21258 | AO15: =if(L15=4,"yes","no") -> no | AP15: =AQ15/86400 -> 0 | AQ15: =if(AO15="yes",if(AU14>S15,AU14-S15,0),0) -> 0 | AR15: =AS15/86400 -> 0 | AS15: =if(AO15="yes",AQ15+S15,0) -> 0 | AT15: =AU15/86400 -> 0 | AU15: =if(AO15="yes",AS15+Q15,0) -> 0 | AV15: =if(L15=5,"yes","no") -> no | AW15: =AX15/86400 -> 0 | AX15: =if(AV15="yes",if(BB14>S15,BB15-S15,0),0) -> 0 | AY15: =AZ15/86400 -> 0 | AZ15: =if(AV15="yes",AX15+S15,0) -> 0 | BA15: =BB15/86400 -> 0 | BB15: =if(AV15="yes",AZ15+Q15,0) -> 0 | BC15: 0.67808428 | BD15: =ifs(BC15<='Range Tables'!$G$81,'Range Tables'!$B$81,BC15<='Range Tables'!$G$82,'Range Tables'!$B$82) -> Offline* | BE15: 0.64361614 | BF15: =ifs(BE15<='Range Tables'!$G$95,'Range Tables'!$B$95,BE15<='Range Tables'!$G$96,'Range Tables'!$B$96,BE15<='Range Tables'!$G$97,'Range Tables'!$B$97,BE15<='Range Tables'!$G$98,'Range Tables'!$B$98,BE15<='Range Tables'!$G$99,'Range Tables'!$B$99,BE15<='Range Tables'!$G$100,'Range Tables'!$B$100,BE15<='Range Tables'!$G$101,'Range Tables'!$B$101,BE15<='Range Tables'!$G$102,'Range Tables'!$B$102,BE15<='Range Tables'!$G$103,'Range Tables'!$B$103) -> Jammu | BG15: 0.91383514 | BH15: =ifs(BG15<='Range Tables'!$G$112,'Range Tables'!$B$112,BG15<='Range Tables'!$G$113,'Range Tables'!$B$113,BG15<='Range Tables'!$G$114,'Range Tables'!$B$114) -> 1-5 | BI15: 0.13774983 | BJ15: =ifs(BI15<='Range Tables'!$G$118,'Range Tables'!$B$118,BI15<='Range Tables'!$G$119,'Range Tables'!$B$119) -> Valid
A16: 13 | B16: 0.14680998 | C16: =ifs(B16<='Range Tables'!$G$54,'Range Tables'!$B$54,B16<='Range Tables'!$G$55,'Range Tables'!$B$55,B16<='Range Tables'!$G$56,'Range Tables'!$B$56,B16<='Range Tables'!$G$57,'Range Tables'!$B$57,B16<='Range Tables'!$G$58,'Range Tables'!$B$58,B16<='Range Tables'!$G$59,'Range Tables'!$B$59,B16<='Range Tables'!$G$60,'Range Tables'!$B$60,B16<='Range Tables'!$G$61,'Range Tables'!$B$61,B16<='Range Tables'!$G$63,'Range Tables'!$B$63,B16<='Range Tables'!$G$64,'Range Tables'!$B$64,B16<='Range Tables'!$G$66,'Range Tables'!$B$66) -> 0 - 30 | D16: =IFERROR(__xludf.DUMMYFUNCTION("SPLIT(C16,""-"")"),0.0) -> 0 | E16: =IFERROR(__xludf.DUMMYFUNCTION("""COMPUTED_VALUE"""),30.0) -> 30 | F16: =D16+B16*(E16-D16) -> 4.4042995 | G16: 0.50687386 | H16: =ifs(G16<='Range Tables'!$G$86,'Range Tables'!$B$86,G16<='Range Tables'!$G$87,'Range Tables'!$B$87,G16<='Range Tables'!$G$88,'Range Tables'!$B$88,G16<='Range Tables'!$G$89,'Range Tables'!$B$89,G16<='Range Tables'!$G$90,'Range Tables'!$B$90,G16<='Range Tables'!$G$91,'Range Tables'!$B$91) -> Bike | I16: 0.36049214 | J16: =IFS( H16="Car", IF(I16<='Range Tables'!$G$19, 'Range Tables'!$B$19, 'Range Tables'!$B$20), H16="Bike", IF(I16<='Range Tables'!$G$25, 'Range Tables'!$B$25, 'Range Tables'!$B$26), H16="Scooter", IF(I16<='Range Tables'!$G$31, 'Range Tables'!$B$31, 'Range Tables'!$B$32), H16="Auto", IF(I16<='Range Tables'!$G$37, 'Range Tables'!$B$37, 'Range Tables'!$B$38), H16="Carriers*", IF(I16<='Range Tables'!$G$43, 'Range Tables'!$B$43, 'Range Tables'!$B$44), H16="Van*", IF(I16<='Range Tables'!$G$50, 'Range Tables'!$B$50, 'Range Tables'!$B$49) ) -> Petrol | K16: 0.96865551 | L16: =if(J16="Petrol",ifs(K16<='Range Tables'!$G$5,'Range Tables'!$B$5,K16<='Range Tables'!$G$6,'Range Tables'!$B$6,K16<='Range Tables'!$G$7,'Range Tables'!$B$7),ifs(K16<='Range Tables'!$G$13,'Range Tables'!$B$13,K16<='Range Tables'!$G$14,'Range Tables'!$B$14)) -> 4 | M16: 0.099163791 | N16: =ifs(H16="Car",ifs(M16<='Range Tables'!$G$125,'Range Tables'!$B$125,M16<='Range Tables'!$G$126,'Range Tables'!$B$126,M16<='Range Tables'!$G$127,'Range Tables'!$B$127,M16<='Range Tables'!$G$128,'Range Tables'!$B$128,M16<='Range Tables'!$G$129,'Range Tables'!$B$129,'Range Tables'!$G$131,'Range Tables'!$B$131),H16="Bike",ifs(M16<='Range Tables'!$G$136,'Range Tables'!$B$136,M16<='Range Tables'!$G$137,'Range Tables'!$B$137,M16<='Range Tables'!$G$138,'Range Tables'!$B$138,M16<='Range Tables'!$G$142,'Range Tables'!$B$142),H16="Scooter",ifs(M16<='Range Tables'!$G$148,'Range Tables'!$B$148,M16<='Range Tables'!$G$149,'Range Tables'!$B$149,M16<='Range Tables'!$G$150,'Range Tables'!$B$150,M16<='Range Tables'!$G$151,'Range Tables'!$B$151),H16="Auto",ifs(M16<='Range Tables'!$G$161,'Range Tables'!$B$161,M16<='Range Tables'!$G$162,'Range Tables'!$B$162,M16<='Range Tables'!$G$163,'Range Tables'!$B$163,M16<='Range Tables'!$G$164,'Range Tables'!$B$164),H16="Carriers*",ifs(M16<='Range Tables'!$G$173,'Range Tables'!$B$173,M16<='Range Tables'!$G$174,'Range Tables'!$B$174,M16<='Range Tables'!$G$175,'Range Tables'!$B$175,M16<='Range Tables'!$G$176,'Range Tables'!$B$176,M16<='Range Tables'!$G$177,'Range Tables'!$B$177,M16<='Range Tables'!$G$179,'Range Tables'!$B$179),H16="Van*",ifs(M16<='Range Tables'!$G$186,'Range Tables'!$B$186)) -> 30 - 60 | O16: =IFERROR(__xludf.DUMMYFUNCTION("SPLIT(N16,""-"")"),30.0) -> 30 | P16: =IFERROR(__xludf.DUMMYFUNCTION("""COMPUTED_VALUE"""),60.0) -> 60 | Q16: =O16+M16*(P16-O16) -> 32.974914 | R16: =S16/86400 -> 0.006780883 | S16: =S15+F15 -> 585.8683 | T16: =if(L16=1,"yes","no") -> no | U16: =V16/86400 -> 0 | V16: =if(T16="yes", if(Z15>S16,Z15-S16,0),0) -> 0 | W16: =X16/86400 -> 0 | X16: =if(T16="yes",S16+V16,0) -> 0 | Y16: =Z16/86400 -> 0 | Z16: =if(T16="yes",Q16+X16,0) -> 0 | AA16: =IF(L16=2,"yes","no") -> no | AB16: =AC16/86400 -> 0 | AC16: =if(AA16="yes", if(AG15>S16,AG15-S16,0),0) -> 0 | AD16: =AE16/86400 -> 0 | AE16: =if(AA16="yes",S16+AC16,0) -> 0 | AF16: =AG16/86400 -> 0 | AG16: =if(AA16="yes",Q16+AE16,0) -> 0 | AH16: =IF(L16=3,"yes","no") -> no | AI16: =AJ16/86400 -> 0 | AJ16: =if(AH16="yes", if(AN15>S16,AN15-S16,0),0) -> 0 | AK16: =AL16/86400 -> 0 | AL16: =if(AH16="yes",AJ16+S16,0) -> 0 | AM16: =AN16/86400 -> 0 | AN16: =if(AH16="yes",AL16+Q16,0) -> 0 | AO16: =if(L16=4,"yes","no") -> yes | AP16: =AQ16/86400 -> 0 | AQ16: =if(AO16="yes",if(AU15>S16,AU15-S16,0),0) -> 0 | AR16: =AS16/86400 -> 0.006780883 | AS16: =if(AO16="yes",AQ16+S16,0) -> 585.8683 | AT16: =AU16/86400 -> 0.0071625371 | AU16: =if(AO16="yes",AS16+Q16,0) -> 618.84321 | AV16: =if(L16=5,"yes","no") -> no | AW16: =AX16/86400 -> 0 | AX16: =if(AV16="yes",if(BB15>S16,BB16-S16,0),0) -> 0 | AY16: =AZ16/86400 -> 0 | AZ16: =if(AV16="yes",AX16+S16,0) -> 0 | BA16: =BB16/86400 -> 0 | BB16: =if(AV16="yes",AZ16+Q16,0) -> 0 | BC16: 0.25745769 | BD16: =ifs(BC16<='Range Tables'!$G$81,'Range Tables'!$B$81,BC16<='Range Tables'!$G$82,'Range Tables'!$B$82) -> Online* | BE16: 0.42938919 | BF16: =ifs(BE16<='Range Tables'!$G$95,'Range Tables'!$B$95,BE16<='Range Tables'!$G$96,'Range Tables'!$B$96,BE16<='Range Tables'!$G$97,'Range Tables'!$B$97,BE16<='Range Tables'!$G$98,'Range Tables'!$B$98,BE16<='Range Tables'!$G$99,'Range Tables'!$B$99,BE16<='Range Tables'!$G$100,'Range Tables'!$B$100,BE16<='Range Tables'!$G$101,'Range Tables'!$B$101,BE16<='Range Tables'!$G$102,'Range Tables'!$B$102,BE16<='Range Tables'!$G$103,'Range Tables'!$B$103) -> Jammu | BG16: 0.50262602 | BH16: =ifs(BG16<='Range Tables'!$G$112,'Range Tables'!$B$112,BG16<='Range Tables'!$G$113,'Range Tables'!$B$113,BG16<='Range Tables'!$G$114,'Range Tables'!$B$114) -> 0 | BI16: 0.17272535 | BJ16: =ifs(BI16<='Range Tables'!$G$118,'Range Tables'!$B$118,BI16<='Range Tables'!$G$119,'Range Tables'!$B$119) -> Valid
A17: 14 | B17: 0.6616112 | C17: =ifs(B17<='Range Tables'!$G$54,'Range Tables'!$B$54,B17<='Range Tables'!$G$55,'Range Tables'!$B$55,B17<='Range Tables'!$G$56,'Range Tables'!$B$56,B17<='Range Tables'!$G$57,'Range Tables'!$B$57,B17<='Range Tables'!$G$58,'Range Tables'!$B$58,B17<='Range Tables'!$G$59,'Range Tables'!$B$59,B17<='Range Tables'!$G$60,'Range Tables'!$B$60,B17<='Range Tables'!$G$61,'Range Tables'!$B$61,B17<='Range Tables'!$G$63,'Range Tables'!$B$63,B17<='Range Tables'!$G$64,'Range Tables'!$B$64,B17<='Range Tables'!$G$66,'Range Tables'!$B$66) -> 60 - 90 | D17: =IFERROR(__xludf.DUMMYFUNCTION("SPLIT(C17,""-"")"),60.0) -> 60 | E17: =IFERROR(__xludf.DUMMYFUNCTION("""COMPUTED_VALUE"""),90.0) -> 90 | F17: =D17+B17*(E17-D17) -> 79.848336 | G17: 0.36181517 | H17: =ifs(G17<='Range Tables'!$G$86,'Range Tables'!$B$86,G17<='Range Tables'!$G$87,'Range Tables'!$B$87,G17<='Range Tables'!$G$88,'Range Tables'!$B$88,G17<='Range Tables'!$G$89,'Range Tables'!$B$89,G17<='Range Tables'!$G$90,'Range Tables'!$B$90,G17<='Range Tables'!$G$91,'Range Tables'!$B$91) -> Car | I17: 0.40724972 | J17: =IFS( H17="Car", IF(I17<='Range Tables'!$G$19, 'Range Tables'!$B$19, 'Range Tables'!$B$20), H17="Bike", IF(I17<='Range Tables'!$G$25, 'Range Tables'!$B$25, 'Range Tables'!$B$26), H17="Scooter", IF(I17<='Range Tables'!$G$31, 'Range Tables'!$B$31, 'Range Tables'!$B$32), H17="Auto", IF(I17<='Range Tables'!$G$37, 'Range Tables'!$B$37, 'Range Tables'!$B$38), H17="Carriers*", IF(I17<='Range Tables'!$G$43, 'Range Tables'!$B$43, 'Range Tables'!$B$44), H17="Van*", IF(I17<='Range Tables'!$G$50, 'Range Tables'!$B$50, 'Range Tables'!$B$49) ) -> Petrol | K17: 0.50463292 | L17: =if(J17="Petrol",ifs(K17<='Range Tables'!$G$5,'Range Tables'!$B$5,K17<='Range Tables'!$G$6,'Range Tables'!$B$6,K17<='Range Tables'!$G$7,'Range Tables'!$B$7),ifs(K17<='Range Tables'!$G$13,'Range Tables'!$B$13,K17<='Range Tables'!$G$14,'Range Tables'!$B$14)) -> 2 | M17: 0.2618337 | N17: =ifs(H17="Car",ifs(M17<='Range Tables'!$G$125,'Range Tables'!$B$125,M17<='Range Tables'!$G$126,'Range Tables'!$B$126,M17<='Range Tables'!$G$127,'Range Tables'!$B$127,M17<='Range Tables'!$G$128,'Range Tables'!$B$128,M17<='Range Tables'!$G$129,'Range Tables'!$B$129,'Range Tables'!$G$131,'Range Tables'!$B$131),H17="Bike",ifs(M17<='Range Tables'!$G$136,'Range Tables'!$B$136,M17<='Range Tables'!$G$137,'Range Tables'!$B$137,M17<='Range Tables'!$G$138,'Range Tables'!$B$138,M17<='Range Tables'!$G$142,'Range Tables'!$B$142),H17="Scooter",ifs(M17<='Range Tables'!$G$148,'Range Tables'!$B$148,M17<='Range Tables'!$G$149,'Range Tables'!$B$149,M17<='Range Tables'!$G$150,'Range Tables'!$B$150,M17<='Range Tables'!$G$151,'Range Tables'!$B$151),H17="Auto",ifs(M17<='Range Tables'!$G$161,'Range Tables'!$B$161,M17<='Range Tables'!$G$162,'Range Tables'!$B$162,M17<='Range Tables'!$G$163,'Range Tables'!$B$163,M17<='Range Tables'!$G$164,'Range Tables'!$B$164),H17="Carriers*",ifs(M17<='Range Tables'!$G$173,'Range Tables'!$B$173,M17<='Range Tables'!$G$174,'Range Tables'!$B$174,M17<='Range Tables'!$G$175,'Range Tables'!$B$175,M17<='Range Tables'!$G$176,'Range Tables'!$B$176,M17<='Range Tables'!$G$177,'Range Tables'!$B$177,M17<='Range Tables'!$G$179,'Range Tables'!$B$179),H17="Van*",ifs(M17<='Range Tables'!$G$186,'Range Tables'!$B$186)) -> 60 - 120 | O17: =IFERROR(__xludf.DUMMYFUNCTION("SPLIT(N17,""-"")"),60.0) -> 60 | P17: =IFERROR(__xludf.DUMMYFUNCTION("""COMPUTED_VALUE"""),120.0) -> 120 | Q17: =O17+M17*(P17-O17) -> 75.710022 | R17: =S17/86400 -> 0.0068318587 | S17: =S16+F16 -> 590.27259 | T17: =if(L17=1,"yes","no") -> no | U17: =V17/86400 -> 0 | V17: =if(T17="yes", if(Z16>S17,Z16-S17,0),0) -> 0 | W17: =X17/86400 -> 0 | X17: =if(T17="yes",S17+V17,0) -> 0 | Y17: =Z17/86400 -> 0 | Z17: =if(T17="yes",Q17+X17,0) -> 0 | AA17: =IF(L17=2,"yes","no") -> yes | AB17: =AC17/86400 -> 0 | AC17: =if(AA17="yes", if(AG16>S17,AG16-S17,0),0) -> 0 | AD17: =AE17/86400 -> 0.0068318587 | AE17: =if(AA17="yes",S17+AC17,0) -> 590.27259 | AF17: =AG17/86400 -> 0.0077081321 | AG17: =if(AA17="yes",Q17+AE17,0) -> 665.98262 | AH17: =IF(L17=3,"yes","no") -> no | AI17: =AJ17/86400 -> 0 | AJ17: =if(AH17="yes", if(AN16>S17,AN16-S17,0),0) -> 0 | AK17: =AL17/86400 -> 0 | AL17: =if(AH17="yes",AJ17+S17,0) -> 0 | AM17: =AN17/86400 -> 0 | AN17: =if(AH17="yes",AL17+Q17,0) -> 0 | AO17: =if(L17=4,"yes","no") -> no | AP17: =AQ17/86400 -> 0 | AQ17: =if(AO17="yes",if(AU16>S17,AU16-S17,0),0) -> 0 | AR17: =AS17/86400 -> 0 | AS17: =if(AO17="yes",AQ17+S17,0) -> 0 | AT17: =AU17/86400 -> 0 | AU17: =if(AO17="yes",AS17+Q17,0) -> 0 | AV17: =if(L17=5,"yes","no") -> no | AW17: =AX17/86400 -> 0 | AX17: =if(AV17="yes",if(BB16>S17,BB17-S17,0),0) -> 0 | AY17: =AZ17/86400 -> 0 | AZ17: =if(AV17="yes",AX17+S17,0) -> 0 | BA17: =BB17/86400 -> 0 | BB17: =if(AV17="yes",AZ17+Q17,0) -> 0 | BC17: 0.28384256 | BD17: =ifs(BC17<='Range Tables'!$G$81,'Range Tables'!$B$81,BC17<='Range Tables'!$G$82,'Range Tables'!$B$82) -> Online* | BE17: 0.8477171 | BF17: =ifs(BE17<='Range Tables'!$G$95,'Range Tables'!$B$95,BE17<='Range Tables'!$G$96,'Range Tables'!$B$96,BE17<='Range Tables'!$G$97,'Range Tables'!$B$97,BE17<='Range Tables'!$G$98,'Range Tables'!$B$98,BE17<='Range Tables'!$G$99,'Range Tables'!$B$99,BE17<='Range Tables'!$G$100,'Range Tables'!$B$100,BE17<='Range Tables'!$G$101,'Range Tables'!$B$101,BE17<='Range Tables'!$G$102,'Range Tables'!$B$102,BE17<='Range Tables'!$G$103,'Range Tables'!$B$103) -> Udhampur | BG17: 0.82625326 | BH17: =ifs(BG17<='Range Tables'!$G$112,'Range Tables'!$B$112,BG17<='Range Tables'!$G$113,'Range Tables'!$B$113,BG17<='Range Tables'!$G$114,'Range Tables'!$B$114) -> 1-5 | BI17: 0.66950317 | BJ17: =ifs(BI17<='Range Tables'!$G$118,'Range Tables'!$B$118,BI17<='Range Tables'!$G$119,'Range Tables'!$B$119) -> Expired
A18: 15 | B18: 0.6919838 | C18: =ifs(B18<='Range Tables'!$G$54,'Range Tables'!$B$54,B18<='Range Tables'!$G$55,'Range Tables'!$B$55,B18<='Range Tables'!$G$56,'Range Tables'!$B$56,B18<='Range Tables'!$G$57,'Range Tables'!$B$57,B18<='Range Tables'!$G$58,'Range Tables'!$B$58,B18<='Range Tables'!$G$59,'Range Tables'!$B$59,B18<='Range Tables'!$G$60,'Range Tables'!$B$60,B18<='Range Tables'!$G$61,'Range Tables'!$B$61,B18<='Range Tables'!$G$63,'Range Tables'!$B$63,B18<='Range Tables'!$G$64,'Range Tables'!$B$64,B18<='Range Tables'!$G$66,'Range Tables'!$B$66) -> 60 - 90 | D18: =IFERROR(__xludf.DUMMYFUNCTION("SPLIT(C18,""-"")"),60.0) -> 60 | E18: =IFERROR(__xludf.DUMMYFUNCTION("""COMPUTED_VALUE"""),90.0) -> 90 | F18: =D18+B18*(E18-D18) -> 80.759514 | G18: 0.49724619 | H18: =ifs(G18<='Range Tables'!$G$86,'Range Tables'!$B$86,G18<='Range Tables'!$G$87,'Range Tables'!$B$87,G18<='Range Tables'!$G$88,'Range Tables'!$B$88,G18<='Range Tables'!$G$89,'Range Tables'!$B$89,G18<='Range Tables'!$G$90,'Range Tables'!$B$90,G18<='Range Tables'!$G$91,'Range Tables'!$B$91) -> Bike | I18: 0.85452933 | J18: =IFS( H18="Car", IF(I18<='Range Tables'!$G$19, 'Range Tables'!$B$19, 'Range Tables'!$B$20), H18="Bike", IF(I18<='Range Tables'!$G$25, 'Range Tables'!$B$25, 'Range Tables'!$B$26), H18="Scooter", IF(I18<='Range Tables'!$G$31, 'Range Tables'!$B$31, 'Range Tables'!$B$32), H18="Auto", IF(I18<='Range Tables'!$G$37, 'Range Tables'!$B$37, 'Range Tables'!$B$38), H18="Carriers*", IF(I18<='Range Tables'!$G$43, 'Range Tables'!$B$43, 'Range Tables'!$B$44), H18="Van*", IF(I18<='Range Tables'!$G$50, 'Range Tables'!$B$50, 'Range Tables'!$B$49) ) -> Petrol | K18: 0.020498352 | L18: =if(J18="Petrol",ifs(K18<='Range Tables'!$G$5,'Range Tables'!$B$5,K18<='Range Tables'!$G$6,'Range Tables'!$B$6,K18<='Range Tables'!$G$7,'Range Tables'!$B$7),ifs(K18<='Range Tables'!$G$13,'Range Tables'!$B$13,K18<='Range Tables'!$G$14,'Range Tables'!$B$14)) -> 2 | M18: 0.31150211 | N18: =ifs(H18="Car",ifs(M18<='Range Tables'!$G$125,'Range Tables'!$B$125,M18<='Range Tables'!$G$126,'Range Tables'!$B$126,M18<='Range Tables'!$G$127,'Range Tables'!$B$127,M18<='Range Tables'!$G$128,'Range Tables'!$B$128,M18<='Range Tables'!$G$129,'Range Tables'!$B$129,'Range Tables'!$G$131,'Range Tables'!$B$131),H18="Bike",ifs(M18<='Range Tables'!$G$136,'Range Tables'!$B$136,M18<='Range Tables'!$G$137,'Range Tables'!$B$137,M18<='Range Tables'!$G$138,'Range Tables'!$B$138,M18<='Range Tables'!$G$142,'Range Tables'!$B$142),H18="Scooter",ifs(M18<='Range Tables'!$G$148,'Range Tables'!$B$148,M18<='Range Tables'!$G$149,'Range Tables'!$B$149,M18<='Range Tables'!$G$150,'Range Tables'!$B$150,M18<='Range Tables'!$G$151,'Range Tables'!$B$151),H18="Auto",ifs(M18<='Range Tables'!$G$161,'Range Tables'!$B$161,M18<='Range Tables'!$G$162,'Range Tables'!$B$162,M18<='Range Tables'!$G$163,'Range Tables'!$B$163,M18<='Range Tables'!$G$164,'Range Tables'!$B$164),H18="Carriers*",ifs(M18<='Range Tables'!$G$173,'Range Tables'!$B$173,M18<='Range Tables'!$G$174,'Range Tables'!$B$174,M18<='Range Tables'!$G$175,'Range Tables'!$B$175,M18<='Range Tables'!$G$176,'Range Tables'!$B$176,M18<='Range Tables'!$G$177,'Range Tables'!$B$177,M18<='Range Tables'!$G$179,'Range Tables'!$B$179),H18="Van*",ifs(M18<='Range Tables'!$G$186,'Range Tables'!$B$186)) -> 60 - 120 | O18: =IFERROR(__xludf.DUMMYFUNCTION("SPLIT(N18,""-"")"),60.0) -> 60 | P18: =IFERROR(__xludf.DUMMYFUNCTION("""COMPUTED_VALUE"""),120.0) -> 120 | Q18: =O18+M18*(P18-O18) -> 78.690127 | R18: =S18/86400 -> 0.0077560293 | S18: =S17+F17 -> 670.12093 | T18: =if(L18=1,"yes","no") -> no | U18: =V18/86400 -> 0 | V18: =if(T18="yes", if(Z17>S18,Z17-S18,0),0) -> 0 | W18: =X18/86400 -> 0 | X18: =if(T18="yes",S18+V18,0) -> 0 | Y18: =Z18/86400 -> 0 | Z18: =if(T18="yes",Q18+X18,0) -> 0 | AA18: =IF(L18=2,"yes","no") -> yes | AB18: =AC18/86400 -> 0 | AC18: =if(AA18="yes", if(AG17>S18,AG17-S18,0),0) -> 0 | AD18: =AE18/86400 -> 0.0077560293 | AE18: =if(AA18="yes",S18+AC18,0) -> 670.12093 | AF18: =AG18/86400 -> 0.0086667946 | AG18: =if(AA18="yes",Q18+AE18,0) -> 748.81106 | AH18: =IF(L18=3,"yes","no") -> no | AI18: =AJ18/86400 -> 0 | AJ18: =if(AH18="yes", if(AN17>S18,AN17-S18,0),0) -> 0 | AK18: =AL18/86400 -> 0 | AL18: =if(AH18="yes",AJ18+S18,0) -> 0 | AM18: =AN18/86400 -> 0 | AN18: =if(AH18="yes",AL18+Q18,0) -> 0 | AO18: =if(L18=4,"yes","no") -> no | AP18: =AQ18/86400 -> 0 | AQ18: =if(AO18="yes",if(AU17>S18,AU17-S18,0),0) -> 0 | AR18: =AS18/86400 -> 0 | AS18: =if(AO18="yes",AQ18+S18,0) -> 0 | AT18: =AU18/86400 -> 0 | AU18: =if(AO18="yes",AS18+Q18,0) -> 0 | AV18: =if(L18=5,"yes","no") -> no | AW18: =AX18/86400 -> 0 | AX18: =if(AV18="yes",if(BB17>S18,BB18-S18,0),0) -> 0 | AY18: =AZ18/86400 -> 0 | AZ18: =if(AV18="yes",AX18+S18,0) -> 0 | BA18: =BB18/86400 -> 0 | BB18: =if(AV18="yes",AZ18+Q18,0) -> 0 | BC18: 0.043165802 | BD18: =ifs(BC18<='Range Tables'!$G$81,'Range Tables'!$B$81,BC18<='Range Tables'!$G$82,'Range Tables'!$B$82) -> Online* | BE18: 0.48208075 | BF18: =ifs(BE18<='Range Tables'!$G$95,'Range Tables'!$B$95,BE18<='Range Tables'!$G$96,'Range Tables'!$B$96,BE18<='Range Tables'!$G$97,'Range Tables'!$B$97,BE18<='Range Tables'!$G$98,'Range Tables'!$B$98,BE18<='Range Tables'!$G$99,'Range Tables'!$B$99,BE18<='Range Tables'!$G$100,'Range Tables'!$B$100,BE18<='Range Tables'!$G$101,'Range Tables'!$B$101,BE18<='Range Tables'!$G$102,'Range Tables'!$B$102,BE18<='Range Tables'!$G$103,'Range Tables'!$B$103) -> Jammu | BG18: 0.40043384 | BH18: =ifs(BG18<='Range Tables'!$G$112,'Range Tables'!$B$112,BG18<='Range Tables'!$G$113,'Range Tables'!$B$113,BG18<='Range Tables'!$G$114,'Range Tables'!$B$114) -> 0 | BI18: 0.27292821 | BJ18: =ifs(BI18<='Range Tables'!$G$118,'Range Tables'!$B$118,BI18<='Range Tables'!$G$119,'Range Tables'!$B$119) -> Valid
A19: 16 | B19: 0.27407926 | C19: =ifs(B19<='Range Tables'!$G$54,'Range Tables'!$B$54,B19<='Range Tables'!$G$55,'Range Tables'!$B$55,B19<='Range Tables'!$G$56,'Range Tables'!$B$56,B19<='Range Tables'!$G$57,'Range Tables'!$B$57,B19<='Range Tables'!$G$58,'Range Tables'!$B$58,B19<='Range Tables'!$G$59,'Range Tables'!$B$59,B19<='Range Tables'!$G$60,'Range Tables'!$B$60,B19<='Range Tables'!$G$61,'Range Tables'!$B$61,B19<='Range Tables'!$G$63,'Range Tables'!$B$63,B19<='Range Tables'!$G$64,'Range Tables'!$B$64,B19<='Range Tables'!$G$66,'Range Tables'!$B$66) -> 0 - 30 | D19: =IFERROR(__xludf.DUMMYFUNCTION("SPLIT(C19,""-"")"),0.0) -> 0 | E19: =IFERROR(__xludf.DUMMYFUNCTION("""COMPUTED_VALUE"""),30.0) -> 30 | F19: =D19+B19*(E19-D19) -> 8.2223779 | G19: 0.38885935 | H19: =ifs(G19<='Range Tables'!$G$86,'Range Tables'!$B$86,G19<='Range Tables'!$G$87,'Range Tables'!$B$87,G19<='Range Tables'!$G$88,'Range Tables'!$B$88,G19<='Range Tables'!$G$89,'Range Tables'!$B$89,G19<='Range Tables'!$G$90,'Range Tables'!$B$90,G19<='Range Tables'!$G$91,'Range Tables'!$B$91) -> Car | I19: 0.3087375 | J19: =IFS( H19="Car", IF(I19<='Range Tables'!$G$19, 'Range Tables'!$B$19, 'Range Tables'!$B$20), H19="Bike", IF(I19<='Range Tables'!$G$25, 'Range Tables'!$B$25, 'Range Tables'!$B$26), H19="Scooter", IF(I19<='Range Tables'!$G$31, 'Range Tables'!$B$31, 'Range Tables'!$B$32), H19="Auto", IF(I19<='Range Tables'!$G$37, 'Range Tables'!$B$37, 'Range Tables'!$B$38), H19="Carriers*", IF(I19<='Range Tables'!$G$43, 'Range Tables'!$B$43, 'Range Tables'!$B$44), H19="Van*", IF(I19<='Range Tables'!$G$50, 'Range Tables'!$B$50, 'Range Tables'!$B$49) ) -> Petrol | K19: 0.0034154895 | L19: =if(J19="Petrol",ifs(K19<='Range Tables'!$G$5,'Range Tables'!$B$5,K19<='Range Tables'!$G$6,'Range Tables'!$B$6,K19<='Range Tables'!$G$7,'Range Tables'!$B$7),ifs(K19<='Range Tables'!$G$13,'Range Tables'!$B$13,K19<='Range Tables'!$G$14,'Range Tables'!$B$14)) -> 2 | M19: 0.21070406 | N19: =ifs(H19="Car",ifs(M19<='Range Tables'!$G$125,'Range Tables'!$B$125,M19<='Range Tables'!$G$126,'Range Tables'!$B$126,M19<='Range Tables'!$G$127,'Range Tables'!$B$127,M19<='Range Tables'!$G$128,'Range Tables'!$B$128,M19<='Range Tables'!$G$129,'Range Tables'!$B$129,'Range Tables'!$G$131,'Range Tables'!$B$131),H19="Bike",ifs(M19<='Range Tables'!$G$136,'Range Tables'!$B$136,M19<='Range Tables'!$G$137,'Range Tables'!$B$137,M19<='Range Tables'!$G$138,'Range Tables'!$B$138,M19<='Range Tables'!$G$142,'Range Tables'!$B$142),H19="Scooter",ifs(M19<='Range Tables'!$G$148,'Range Tables'!$B$148,M19<='Range Tables'!$G$149,'Range Tables'!$B$149,M19<='Range Tables'!$G$150,'Range Tables'!$B$150,M19<='Range Tables'!$G$151,'Range Tables'!$B$151),H19="Auto",ifs(M19<='Range Tables'!$G$161,'Range Tables'!$B$161,M19<='Range Tables'!$G$162,'Range Tables'!$B$162,M19<='Range Tables'!$G$163,'Range Tables'!$B$163,M19<='Range Tables'!$G$164,'Range Tables'!$B$164),H19="Carriers*",ifs(M19<='Range Tables'!$G$173,'Range Tables'!$B$173,M19<='Range Tables'!$G$174,'Range Tables'!$B$174,M19<='Range Tables'!$G$175,'Range Tables'!$B$175,M19<='Range Tables'!$G$176,'Range Tables'!$B$176,M19<='Range Tables'!$G$177,'Range Tables'!$B$177,M19<='Range Tables'!$G$179,'Range Tables'!$B$179),H19="Van*",ifs(M19<='Range Tables'!$G$186,'Range Tables'!$B$186)) -> 60 - 120 | O19: =IFERROR(__xludf.DUMMYFUNCTION("SPLIT(N19,""-"")"),60.0) -> 60 | P19: =IFERROR(__xludf.DUMMYFUNCTION("""COMPUTED_VALUE"""),120.0) -> 120 | Q19: =O19+M19*(P19-O19) -> 72.642243 | R19: =S19/86400 -> 0.0086907459 | S19: =S18+F18 -> 750.88044 | T19: =if(L19=1,"yes","no") -> no | U19: =V19/86400 -> 0 | V19: =if(T19="yes", if(Z18>S19,Z18-S19,0),0) -> 0 | W19: =X19/86400 -> 0 | X19: =if(T19="yes",S19+V19,0) -> 0 | Y19: =Z19/86400 -> 0 | Z19: =if(T19="yes",Q19+X19,0) -> 0 | AA19: =IF(L19=2,"yes","no") -> yes | AB19: =AC19/86400 -> 0 | AC19: =if(AA19="yes", if(AG18>S19,AG18-S19,0),0) -> 0 | AD19: =AE19/86400 -> 0.0086907459 | AE19: =if(AA19="yes",S19+AC19,0) -> 750.88044 | AF19: =AG19/86400 -> 0.0095315126 | AG19: =if(AA19="yes",Q19+AE19,0) -> 823.52269 | AH19: =IF(L19=3,"yes","no") -> no | AI19: =AJ19/86400 -> 0 | AJ19: =if(AH19="yes", if(AN18>S19,AN18-S19,0),0) -> 0 | AK19: =AL19/86400 -> 0 | AL19: =if(AH19="yes",AJ19+S19,0) -> 0 | AM19: =AN19/86400 -> 0 | AN19: =if(AH19="yes",AL19+Q19,0) -> 0 | AO19: =if(L19=4,"yes","no") -> no | AP19: =AQ19/86400 -> 0 | AQ19: =if(AO19="yes",if(AU18>S19,AU18-S19,0),0) -> 0 | AR19: =AS19/86400 -> 0 | AS19: =if(AO19="yes",AQ19+S19,0) -> 0 | AT19: =AU19/86400 -> 0 | AU19: =if(AO19="yes",AS19+Q19,0) -> 0 | AV19: =if(L19=5,"yes","no") -> no | AW19: =AX19/86400 -> 0 | AX19: =if(AV19="yes",if(BB18>S19,BB19-S19,0),0) -> 0 | AY19: =AZ19/86400 -> 0 | AZ19: =if(AV19="yes",AX19+S19,0) -> 0 | BA19: =BB19/86400 -> 0 | BB19: =if(AV19="yes",AZ19+Q19,0) -> 0 | BC19: 0.804123 | BD19: =ifs(BC19<='Range Tables'!$G$81,'Range Tables'!$B$81,BC19<='Range Tables'!$G$82,'Range Tables'!$B$82) -> Offline* | BE19: 0.62588096 | BF19: =ifs(BE19<='Range Tables'!$G$95,'Range Tables'!$B$95,BE19<='Range Tables'!$G$96,'Range Tables'!$B$96,BE19<='Range Tables'!$G$97,'Range Tables'!$B$97,BE19<='Range Tables'!$G$98,'Range Tables'!$B$98,BE19<='Range Tables'!$G$99,'Range Tables'!$B$99,BE19<='Range Tables'!$G$100,'Range Tables'!$B$100,BE19<='Range Tables'!$G$101,'Range Tables'!$B$101,BE19<='Range Tables'!$G$102,'Range Tables'!$B$102,BE19<='Range Tables'!$G$103,'Range Tables'!$B$103) -> Jammu | BG19: 0.70897384 | BH19: =ifs(BG19<='Range Tables'!$G$112,'Range Tables'!$B$112,BG19<='Range Tables'!$G$113,'Range Tables'!$B$113,BG19<='Range Tables'!$G$114,'Range Tables'!$B$114) -> 0 | BI19: 0.8058165 | BJ19: =ifs(BI19<='Range Tables'!$G$118,'Range Tables'!$B$118,BI19<='Range Tables'!$G$119,'Range Tables'!$B$119) -> Expired
